"","","","","BSE/NSE","BSE/NSE","BSE/NSE","BSE/NSE","BSE/NSE","BSE/NSE","BSE/NSE","BSE/NSE","BSE/NSE","BSE/NSE","BSE/NSE","BSE/NSE","BSE/NSE","BSE/NSE","BSE/NSE","BSE/NSE","BSE/NSE","BSE/NSE","BSE/NSE","BSE/NSE","BSE/NSE","BSE/NSE","BSE/NSE","BSE/NSE","BSE/NSE","BSE/NSE","BSE/NSE","BSE/NSE","BSE/NSE","BSE/NSE","BSE/NSE","BSE/NSE","BSE/NSE","BSE/NSE","BSE/NSE","BSE/NSE","BSE/NSE","BSE/NSE","BSE/NSE","BSE/NSE","BSE/NSE","BSE/NSE","BSE/NSE","BSE/NSE","BSE/NSE","BSE/NSE","BSE/NSE","BSE/NSE","BSE/NSE","BSE/NSE","BSE/NSE","BSE/NSE","BSE/NSE","BSE/NSE","BSE/NSE","BSE/NSE","BSE/NSE","BSE/NSE","BSE/NSE","BSE/NSE","BSE/NSE","BSE/NSE","BSE/NSE","BSE/NSE","BSE/NSE","BSE/NSE","BSE/NSE","BSE/NSE","BSE/NSE","BSE/NSE","BSE/NSE","BSE/NSE","BSE/NSE","BSE/NSE","BSE/NSE","BSE/NSE","BSE/NSE","BSE/NSE","BSE/NSE","BSE/NSE","BSE/NSE","BSE/NSE","BSE/NSE","BSE/NSE","BSE/NSE","BSE/NSE","BSE/NSE","BSE/NSE","BSE/NSE","BSE/NSE","BSE/NSE","BSE/NSE","BSE/NSE","BSE/NSE","BSE/NSE","BSE/NSE","BSE/NSE","BSE/NSE","BSE/NSE","BSE/NSE","BSE/NSE","BSE/NSE","BSE/NSE","BSE/NSE","BSE/NSE","BSE/NSE","BSE/NSE","BSE/NSE","BSE/NSE"
"","","","","Finance S / Interim SQ","Finance S / Interim SQ","Finance S / Interim SQ","Finance S / Interim SQ","Finance S / Interim SQ","Finance S / Interim SQ","Finance S / Interim SQ","Finance S / Interim SQ","Finance S / Interim SQ","Finance S / Interim SQ","Finance S / Interim SQ","Finance S / Interim SQ","Finance S / Interim SQ","Finance S / Interim SQ","Finance S / Interim SQ","Finance S / Interim SQ","Finance S / Interim SQ","Finance S / Interim SQ","Finance S / Interim SQ","Finance S / Interim SQ","Finance S / Interim SQ","Finance S / Interim SQ","Finance S / Interim SQ","Finance S / Interim SQ","Finance S / Interim SQ","Finance S / Interim SQ","Finance S / Interim SQ","Finance S / Interim SQ","Finance S / Interim SQ","Finance S / Interim SQ","Finance S / Interim SQ","Finance S / Interim SQ","Finance S / Interim SQ","Finance S / Interim SQ","Finance S / Interim SQ","Finance S / Interim SQ","Finance S / Interim SQ","Finance S / Interim SQ","Finance S / Interim SQ","Finance S / Interim SQ","Finance S / Interim SQ","Finance S / Interim SQ","Finance S / Interim SQ","Finance S / Interim SQ","Finance S / Interim SQ","Finance S / Interim SQ","Finance S / Interim SQ","Finance S / Interim SQ","Finance S / Interim SQ","Finance S / Interim SQ","Finance S / Interim SQ","Finance S / Interim SQ","Finance S / Interim SQ","Finance S / Interim SQ","Finance S / Interim SQ","Finance S / Interim SQ","Finance S / Interim SQ","Finance S / Interim SQ","Finance S / Interim SQ","Finance S / Interim SQ","Finance S / Interim SQ","Finance S / Interim SQ","Finance S / Interim SQ","Finance S / Interim SQ","Finance S / Interim SQ","Finance S / Interim SQ","Finance S / Interim SQ","Finance S / Interim SQ","Finance S / Interim SQ","Finance S / Interim SQ","Finance S / Interim SQ","Finance S / Interim SQ","Finance S / Interim SQ","Finance S / Interim SQ","Finance S / Interim SQ","Finance S / Interim SQ","Finance S / Interim SQ","Finance S / Interim SQ","Finance S / Interim SQ","Finance S / Interim SQ","Finance S / Interim SQ","Finance S / Interim SQ","Finance S / Interim SQ","Finance S / Interim SQ","Finance S / Interim SQ","Finance S / Interim SQ","Finance S / Interim SQ","Finance S / Interim SQ","Finance S / Interim SQ","Finance S / Interim SQ","Finance S / Interim SQ","Finance S / Interim SQ","Finance S / Interim SQ","Finance S / Interim SQ","Finance S / Interim SQ","Finance S / Interim SQ","Finance S / Interim SQ","Finance S / Interim SQ","Finance S / Interim SQ","Finance S / Interim SQ","Finance S / Interim SQ","Finance S / Interim SQ","Finance S / Interim SQ","Finance S / Interim SQ","Finance S / Interim SQ","Finance S / Interim SQ","Finance S / Interim SQ","Finance S / Interim SQ","Finance S / Interim SQ"
"","","","","","","","","","","","","","","","","","","","","","","","","","","","","","","","","","","","","","","","","","","","","","","","","","","","","","","","","","","","","","","","","","","","","","","","","","","","","","","","","","","","","","","","","","","","","","","","","","","","","","","","","","","","","","","","",""
"","","","","04 May 2026","05 May 2026","06 May 2026","07 May 2026","08 May 2026","11 May 2026","12 May 2026","13 May 2026","14 May 2026","15 May 2026","18 May 2026","19 May 2026","20 May 2026","21 May 2026","22 May 2026","25 May 2026","26 May 2026","27 May 2026","29 May 2026","01 Jun 2026","02 Jun 2026","03 Jun 2026","04 Jun 2026","05 Jun 2026","08 Jun 2026","09 Jun 2026","10 Jun 2026","11 Jun 2026","12 Jun 2026","15 Jun 2026","16 Jun 2026","17 Jun 2026","18 Jun 2026","19 Jun 2026","22 Jun 2026","23 Jun 2026","24 Jun 2026","25 Jun 2026","29 Jun 2026","30 Jun 2026","01 Jul 2026","01 Jul 2026","01 Jul 2026","02 Jul 2026","02 Jul 2026","02 Jul 2026","03 Jul 2026","03 Jul 2026","03 Jul 2026","06 Jul 2026","06 Jul 2026","06 Jul 2026","07 Jul 2026","07 Jul 2026","07 Jul 2026","08 Jul 2026","08 Jul 2026","08 Jul 2026","09 Jul 2026","09 Jul 2026","09 Jul 2026","10 Jul 2026","10 Jul 2026","10 Jul 2026","13 Jul 2026","13 Jul 2026","13 Jul 2026","14 Jul 2026","14 Jul 2026","14 Jul 2026","15 Jul 2026","15 Jul 2026","15 Jul 2026","16 Jul 2026","16 Jul 2026","16 Jul 2026","17 Jul 2026","17 Jul 2026","17 Jul 2026","20 Jul 2026","20 Jul 2026","20 Jul 2026","21 Jul 2026","21 Jul 2026","21 Jul 2026","22 Jul 2026","22 Jul 2026","22 Jul 2026","23 Jul 2026","23 Jul 2026","23 Jul 2026","24 Jul 2026","24 Jul 2026","24 Jul 2026","27 Jul 2026","27 Jul 2026","27 Jul 2026","28 Jul 2026","28 Jul 2026","28 Jul 2026","29 Jul 2026","29 Jul 2026","29 Jul 2026","30 Jul 2026","30 Jul 2026","30 Jul 2026","31 Jul 2026","31 Jul 2026","31 Jul 2026"
"Company Name","Industry group","Industry type","NSE Basic Industry classification","Total Returns (%)","Total Returns (%)","Total Returns (%)","Total Returns (%)","Total Returns (%)","Total Returns (%)","Total Returns (%)","Total Returns (%)","Total Returns (%)","Total Returns (%)","Total Returns (%)","Total Returns (%)","Total Returns (%)","Total Returns (%)","Total Returns (%)","Total Returns (%)","Total Returns (%)","Total Returns (%)","Total Returns (%)","Total Returns (%)","Total Returns (%)","Total Returns (%)","Total Returns (%)","Total Returns (%)","Total Returns (%)","Total Returns (%)","Total Returns (%)","Total Returns (%)","Total Returns (%)","Total Returns (%)","Total Returns (%)","Total Returns (%)","Total Returns (%)","Total Returns (%)","Total Returns (%)","Total Returns (%)","Total Returns (%)","Total Returns (%)","Total Returns (%)","Total Returns (%)","Market Capitalisation","Total Returns (%)","P/B (Price to Book Value Ratio)","Market Capitalisation","Total Returns (%)","P/B (Price to Book Value Ratio)","Market Capitalisation","Total Returns (%)","P/B (Price to Book Value Ratio)","Market Capitalisation","Total Returns (%)","P/B (Price to Book Value Ratio)","Market Capitalisation","Total Returns (%)","P/B (Price to Book Value Ratio)","Market Capitalisation","Total Returns (%)","P/B (Price to Book Value Ratio)","Market Capitalisation","Total Returns (%)","P/B (Price to Book Value Ratio)","Market Capitalisation","Total Returns (%)","P/B (Price to Book Value Ratio)","Market Capitalisation","Total Returns (%)","P/B (Price to Book Value Ratio)","Market Capitalisation","Total Returns (%)","P/B (Price to Book Value Ratio)","Market Capitalisation","Total Returns (%)","P/B (Price to Book Value Ratio)","Market Capitalisation","Total Returns (%)","P/B (Price to Book Value Ratio)","Market Capitalisation","Total Returns (%)","P/B (Price to Book Value Ratio)","Market Capitalisation","Total Returns (%)","P/B (Price to Book Value Ratio)","Market Capitalisation","Total Returns (%)","P/B (Price to Book Value Ratio)","Market Capitalisation","Total Returns (%)","P/B (Price to Book Value Ratio)","Market Capitalisation","Total Returns (%)","P/B (Price to Book Value Ratio)","Market Capitalisation","Total Returns (%)","P/B (Price to Book Value Ratio)","Market Capitalisation","Total Returns (%)","P/B (Price to Book Value Ratio)","Market Capitalisation","Total Returns (%)","P/B (Price to Book Value Ratio)","Market Capitalisation","Total Returns (%)","P/B (Price to Book Value Ratio)","Market Capitalisation","Total Returns (%)","P/B (Price to Book Value Ratio)","Market Capitalisation","Total Returns (%)","P/B (Price to Book Value Ratio)"
"A B B India Ltd.","Generators, transformers & switchgears","1","Heavy Electrical Equipment","0.089903","1.264423","-1.985535","0.076575","-2.441569","-8.912656","-0.923679","-0.371336","1.966693","-0.746617","0.509325","-1.317533","4.360878","-0.105980","1.386784","0.979146","0.725389","6.099353","0.470979","-3.109058","1.686233","0.699692","-0.555864","0.160704","-2.922916","-0.388043","-1.875631","-1.205705","0.766483","2.245034","1.422896","2.036747","0.907314","0.262830","0.137969","-1.370901","-2.668157","0.365985","1.930502","-1.360831","147000.839738","-1.336936","15.713780","145390.336088","-1.095574","15.541624","147286.916044","1.304475","15.744360","149882.793637","1.762463","16.021849","147869.664075","-1.343136","15.806654","143493.756131","-2.959301","15.338887","144521.511750","0.716237","15.448750","144860.565150","0.234604","15.484993","144246.030862","-0.424225","15.419302","146047.252050","1.248715","15.611845","152669.388769","4.534243","16.319724","162480.746531","6.426539","17.368518","159058.426275","-2.106293","17.002686","159291.525487","0.146549","17.027603","159609.388050","0.199548","17.061581","159058.426275","-0.345194","17.002686","159524.624700","0.293099","17.052521","156293.021981","-2.025770","16.707076","155275.861781","-0.650803","16.598345","153495.831431","-1.146366","16.408068","154915.617544","0.924967","16.559837","154512.991631","-0.259900","16.516798","154364.655769","-0.096002","16.500941"
"Adani Energy Solutions Ltd.","Diversified","1","Power Distribution","4.183274","0.800915","-0.163167","-1.435373","-2.415111","-0.975177","-4.185318","2.639570","0.068275","-1.175044","1.894753","0.090341","1.248590","-0.289726","1.914767","2.661013","4.201381","5.248411","-1.740147","-1.110157","2.278650","-2.450020","1.801621","3.881579","-0.544649","0.560367","-2.760892","-4.486846","1.561328","0.154404","-0.053623","-0.006706","2.166331","-1.043787","2.122861","-2.968689","0.147285","0.795508","-1.419286","0.336383","182763.141154","2.011533","8.717112","187027.694533","2.333377","8.920515","188457.220877","0.764339","8.988698","194944.147144","3.442121","9.298100","198331.764194","1.737737","9.459676","198872.341383","0.272562","9.485460","194427.595608","-2.234974","9.273462","198692.148987","2.193389","9.476865","197562.943303","-0.568319","9.423007","203052.804977","2.778791","9.684852","201575.227328","-0.727681","9.614377","202956.702366","0.685340","9.680268","206932.947911","1.959160","9.869920","207761.832934","0.400557","9.909455","209215.384931","0.699624","9.978784","207149.178786","-0.987598","9.880234","202271.971260","-2.354442","9.647609","204482.331321","1.092766","9.753035","204614.472412","0.064622","9.759338","198151.571798","-3.158575","9.451082","200349.919033","1.109427","9.555935","202888.146241","-0.527641","8.292650","201224.928165","-0.819771","8.224669"
"Adani Enterprises Ltd.","Wholesale trading","1","Trading - Minerals","3.209600","-0.953454","3.180341","-1.047120","-0.310300","-0.227463","-3.799696","3.858307","8.602882","0.114269","-0.964654","1.308647","-0.741284","-0.266193","0.730279","4.872484","4.196933","0.127976","-1.200767","-0.953224","2.017598","-1.431892","1.613344","2.536329","-2.565448","0.333333","-1.637639","-0.760807","0.484736","0.715361","0.037383","0.281968","2.083404","0.829628","0.697736","-3.160544","3.604577","-1.032674","-2.485188","2.481013","409200.357343","3.544137","6.629910","413613.098186","1.078381","6.701406","418116.957571","1.088906","6.774378","417401.026166","-0.171228","6.762778","420628.686272","-3.099857","5.482622","412465.738994","-1.940654","5.376223","417433.900936","1.204503","5.440980","427410.836498","2.390064","5.571023","430145.356150","0.639787","5.606666","431688.599914","0.358773","5.626781","426503.842356","-1.201041","5.559201","426612.140164","0.025392","5.560613","427871.102182","0.295107","5.577022","430930.515258","0.715031","5.616900","430849.291902","-0.018848","5.615841","426111.262802","-1.099695","5.554084","407470.502600","-4.374623","5.311114","409690.607664","0.544850","5.340051","411071.404716","0.337034","5.358049","406428.136198","-1.129553","5.297527","409433.400370","0.739433","5.336699","412763.557966","0.813358","5.380105","407402.816470","-1.298744","5.310231"
"Adani Green Energy Ltd.","Wholesale trading","1","Power Generation","5.178666","3.153328","1.622352","0.886918","-0.673993","2.352854","-5.743316","4.487768","3.526743","-2.537282","-0.725163","0.642805","-1.059660","-0.366784","0.301870","3.582177","3.281128","2.229999","-0.973220","-1.931680","0.172783","-1.510970","-0.294221","7.194548","-2.307138","2.952030","-3.356142","-1.921780","2.145067","-0.208656","-0.006745","-1.126476","2.797107","-0.292010","3.161608","-2.496935","0.939651","0.045890","-1.546426","-0.685524","252841.539792","2.868248","17.038793","256168.835626","1.315961","17.263016","256333.553241","0.064300","17.274117","255180.529933","-0.449814","17.196415","250206.057944","-1.949393","16.861190","247834.124281","-0.947992","16.701347","244869.207202","-1.196331","16.501543","253105.087977","3.363380","17.056553","254735.792371","0.644280","17.166445","264289.414070","3.750404","17.810256","256201.779149","-3.060143","17.265236","254274.583047","-0.752218","17.135364","249365.998105","-1.930427","16.804579","252017.951715","1.063478","16.983292","253978.091339","0.777778","17.115384","242513.745301","-4.513911","16.342811","227293.837628","-6.275895","15.317153","229797.545384","1.101529","15.485876","230555.246415","0.329725","15.536937","226947.930636","-1.564621","15.293843","226173.757843","-0.341124","15.241672","223801.824180","-1.048722","15.081829","227804.462236","1.788474","15.351564"
"Adani Ports & Special Economic Zone Ltd.","Shipping transport infrastructure services","1","Port & Port services","5.146926","-1.009985","1.350725","-0.886576","1.592798","0.391956","-4.475754","2.938041","2.048567","1.223638","-0.412233","-1.392851","0.555934","1.167776","-0.356884","0.895405","0.460369","0.734320","-1.090710","-1.169234","1.738155","-0.589694","-0.715157","1.859400","-1.052516","1.185596","-0.284713","-1.872392","1.863354","-0.446798","0.953014","0.362239","0.738270","-0.369144","-0.441345","-2.364273","1.642377","-0.954062","-1.108018","1.919937","425817.720492","2.099216","6.923548","433881.577335","1.893734","7.054662","431808.014147","-0.477910","7.020947","429550.134231","-0.522890","6.984235","422523.058982","-1.635915","6.869979","412800.351589","-2.301107","6.711893","414735.677231","0.468828","6.743360","421186.762705","1.555469","6.848251","417085.715511","-0.973689","6.781571","419758.308065","0.640778","6.825025","421417.158615","0.395192","6.851997","420795.089659","-0.147614","6.841883","423329.444667","0.602278","6.883090","424850.057671","0.359203","6.907814","425426.047446","0.135575","6.917180","419182.318290","-1.467641","6.815660","409759.125579","-2.247994","6.662445","407409.087299","-0.573517","6.624234","407892.918710","0.118758","6.632101","408883.621122","0.242883","6.648209","396211.846083","-3.099115","6.442174","383401.833498","-3.233122","6.233890","390866.660976","1.946998","6.355264"
"Adani Power Ltd.","Conventional electricity","1","Integrated Power Utilities","2.456615","1.170260","-0.365281","0.467004","-2.111299","-1.464519","-5.584831","2.022611","4.965633","-1.407635","-0.917182","-0.095759","0.524898","-0.413186","-0.004559","6.410724","4.777616","1.791191","-2.225704","-4.548630","1.562635","-1.445344","-1.070876","1.117246","-2.901978","0.128404","-2.458654","-2.298486","3.507958","-1.143139","0.943225","-0.988320","4.614338","0.516112","0.871591","-1.022329","-0.704438","-0.213266","-0.968291","-1.444616","437492.584078","1.380882","7.932474","433037.819601","-1.018249","7.851701","427715.243862","-1.229125","7.755194","423974.013089","-0.874701","7.687359","420541.337432","-0.809643","7.625119","417475.070974","-0.729124","7.569523","417166.515859","-0.073910","7.563928","421274.155831","0.984652","7.638406","415508.032114","-1.368734","7.533857","436161.940143","4.970760","7.908347","422276.959955","-3.183446","7.656589","417648.633226","-1.096041","7.572670","413560.277949","-0.978898","7.498541","424205.429426","2.574027","7.691555","424976.817214","0.181843","7.705542","418381.451625","-1.551935","7.585957","409279.075724","-2.175617","7.420916","412036.787067","0.673797","7.470917","412615.327908","0.140410","7.481407","401603.767232","-2.668723","7.281749","404052.923459","0.609844","7.326157","402992.265250","-0.262505","7.306925","407504.883811","1.119778","7.388746"
"Ambuja Cements Ltd.","Cement","1","Cement & Cement Products","0.247636","-2.739726","3.186331","0.839114","-1.409076","-1.823093","-2.120587","2.681813","1.254562","-2.286551","-0.829971","0.360339","-0.335881","1.441023","-0.022912","1.283373","1.753592","2.234823","-2.588363","-2.891593","1.023224","-2.822351","-0.140532","-2.064032","-0.538858","0.168553","-1.490385","-0.915081","4.691540","1.359017","-0.652909","0.093886","0.832454","-1.406977","0.955301","-3.072430","2.892612","-0.726250","0.117994","-0.565704","104076.567836","-0.711153","1.980165","106586.233193","2.411364","2.027915","110176.794027","3.368691","2.096229","109679.830590","-0.451060","2.086773","108313.181138","-1.246035","2.060771","104635.651702","-3.395274","1.990803","106387.447819","1.674187","2.024132","108449.846083","1.938573","2.063372","107381.374693","-0.985222","2.043043","106797.442654","-0.543793","2.031933","108151.668021","1.268032","2.057699","107741.673185","-0.379092","2.049898","108959.233606","1.130074","2.073063","108785.296403","-0.159635","2.069754","109543.165645","0.696665","2.084173","107045.924373","-2.279687","2.036661","105244.431913","-1.682916","2.002385","105642.002663","0.377759","2.009950","107083.196631","1.364224","2.037370","105853.212124","-1.148625","2.013968","108164.092107","2.183099","2.057935","107890.762216","-0.252699","2.052735","107393.798779","-0.460617","2.043279"
"Apollo Hospitals Enterprise Ltd.","Health services","1","Hospital","1.322595","0.445880","-0.147967","0.985761","3.317596","-0.185254","-0.736204","-0.224369","1.430445","-0.449563","-0.767089","0.068574","0.654124","2.847063","0.649937","0.496263","-1.731318","0.169522","-1.160471","-0.831652","-0.234322","2.484702","-0.500573","0.672809","0.650250","1.980020","-0.416471","0.053013","0.058872","-0.347141","-0.921060","0.440975","-0.189855","0.927302","-0.241475","0.218444","1.013255","0.215781","0.733240","0.311958","123920.806635","-0.731398","11.974888","125035.137727","0.899228","12.082569","127874.884703","2.271159","12.356984","127802.992374","-0.056221","12.350036","127062.501391","-0.579400","12.278480","125861.899505","-0.944891","12.162462","127184.718349","1.051008","12.290290","127120.015254","-0.050873","12.284038","126278.875010","-0.661690","12.202756","127975.533963","1.343581","12.366710","128457.212564","0.376383","12.413256","127795.803142","-0.514887","12.349342","126904.338268","-0.697570","12.263196","128040.237058","0.895083","12.372962","128349.374071","0.241437","12.402835","128514.726427","0.128830","12.418814","127421.963033","-0.850302","12.313216","126609.579721","-0.637554","12.234713","127155.961418","0.431548","12.287512","128011.480127","0.672811","12.370183","128471.591029","0.359429","12.414645","129233.649712","0.593173","12.488286","128787.917275","-0.344904","12.445213"
"Asian Paints Ltd.","Paints & varnishes","1","Paints","0.147269","-0.739349","3.662551","0.460500","2.738481","-1.300050","-2.361560","4.474157","0.175733","-0.633056","0.322383","-0.508799","-0.080747","0.007696","1.577651","0.681870","-0.406351","0.940688","-0.011228","-1.467286","1.075065","0.063893","-0.030048","0.943042","-1.023561","1.838899","0.258484","-0.891312","2.099669","-0.294824","0.321250","-0.367527","0.620891","-0.802178","-2.155220","0.381451","0.236735","-0.835989","0.442311","-0.797922","260556.487676","3.061805","12.992906","263251.833465","1.034457","13.127312","262609.170946","-0.244125","13.095265","264249.399167","0.624589","13.177057","261995.284361","-0.853026","13.064653","255712.538836","-2.398038","12.751358","256470.305090","0.296335","12.789144","256853.984206","0.149600","12.808277","254388.845886","-0.959743","12.685350","253324.136339","-0.418536","12.632258","256105.809930","1.098069","12.770969","256556.632891","0.176030","12.793449","257928.285731","0.534639","12.861848","258158.493201","0.089253","12.873328","258254.412980","0.037155","12.878111","258292.780891","0.014857","12.880024","255990.706195","-0.891266","12.765229","253026.785024","-1.157824","12.617430","259961.785046","2.740817","12.963251","262455.699300","0.959339","13.087612","264585.118394","0.811344","13.193798","263414.897090","-0.442285","13.135443","263520.408847","0.040055","13.140705"
"Avenue Supermarts Ltd.","Retail trading","1","Diversified Retail","-4.566170","-0.406718","1.686283","-1.031091","0.355637","-0.288499","-1.314530","0.069257","0.154567","0.398489","-1.238902","-1.595930","-2.167139","-0.168911","-0.488253","-0.480933","0.156204","0.506872","-1.694792","0.426686","-0.363476","2.745871","-0.698110","0.118378","-1.952126","0.706322","-1.187683","-1.394866","0.165538","2.639223","2.495731","2.051746","0.447813","-0.459749","1.019385","1.438600","-1.295272","-0.954797","1.452987","0.543952","282331.193604","-1.189308","10.668819","273095.390570","-3.271266","10.319813","260533.133053","-4.599952","9.845107","265118.422271","1.759964","10.018377","265522.814777","0.152533","10.033659","263416.060271","-0.793436","9.954048","266077.223857","1.010251","10.054609","266188.105673","0.041673","10.058799","260513.565674","-2.131778","9.844368","255413.002133","-1.957888","9.651626","256287.011743","0.342195","9.684653","257695.863053","0.549716","9.737891","257761.087651","0.025311","9.740356","259300.388156","0.597181","9.798524","259306.910616","0.002515","9.798770","260931.003099","0.626321","9.860142","263181.251719","0.862392","9.945175","262124.613237","-0.401487","9.905246","262705.112156","0.221459","9.927182","250892.937513","-4.496363","9.480820","250990.774409","0.038995","9.484517","252680.091490","0.673059","9.548354","255745.647582","1.213216","9.664196"
"Axis Bank Ltd.","Banking services","3","Private Sector Bank","0.536151","-1.207748","2.738747","-0.115902","-1.887522","0.315383","-0.958893","-0.349179","-0.087601","-0.781125","-0.554306","0.032313","0.928693","0.280045","2.561238","2.007157","-0.907566","0.369430","-1.341922","-0.831649","-1.943726","0.327712","-0.151370","1.515998","-0.330111","1.916253","1.709997","0.213009","2.960601","0.884760","-0.190017","-1.083693","0.681027","-0.161753","0.051550","0.360665","1.540154","-0.527266","-1.481266","-0.818101","425772.202516","1.709148","2.002212","423874.627858","-0.445678","1.993289","417497.532693","-1.504477","1.963300","416719.838161","-0.186275","1.959643","417173.792420","0.104509","1.961778","407374.408034","-2.348993","1.915696","403672.418377","-0.908744","1.898287","411791.908297","2.088471","1.939306","410454.214555","-0.324847","1.933007","409900.968571","-0.136426","1.930401","408252.156235","-0.402247","1.922636","406790.001900","-0.358150","1.915750","413291.922242","1.598348","1.946370","390737.413878","-5.457283","1.840151","391436.487595","0.175159","1.843444","385276.542869","-1.573677","1.814434","380485.474748","-1.243540","1.791870","381823.240522","0.351594","1.798171","381885.462186","0.016296","1.798464","380675.435196","-0.325866","1.792765","384377.958841","0.972620","1.810201","382355.571976","-0.526145","1.800677","382542.253841","0.048824","1.801556"
"Bajaj Auto Ltd.","Two & three wheelers","1","2/3 Wheelers","1.380828","-0.848796","2.717500","2.771586","1.004243","-1.082948","-1.873437","-1.298451","1.841746","-0.703282","-1.724886","0.063735","2.523273","1.954600","-1.101528","-0.554529","0.972262","2.034362","-1.836518","-0.803059","-0.915574","-0.213987","1.003996","-0.193013","-1.073293","-0.459388","-0.392773","-0.295741","-0.504252","-1.192487","-0.040229","1.036322","0.348536","-0.109159","1.241804","-1.628888","-2.743142","0.953846","-2.163974","0.893043","275081.772160","1.296830","8.146941","275501.018917","0.152408","8.159357","273502.609375","-0.725373","8.100171","280518.005109","2.565020","8.307942","282558.339326","0.727345","8.368370","284081.602543","0.539097","8.413483","283830.054489","-0.088548","8.406033","283858.004273","0.009847","8.406861","290146.705628","2.215439","8.593110","284137.502111","-2.071091","8.415139","288525.618167","1.544364","8.545099","288763.191330","0.082340","8.552135","291879.592223","1.079224","8.644432","294101.600036","0.761275","8.710240","290775.575763","-1.130910","8.611735","307405.697124","5.719229","9.104260","315371.385507","2.591262","9.340175","305856.671694","-1.360393","10.872105","307326.872227","0.480683","10.924366","312561.885341","1.703402","11.110451","311572.591524","-0.316511","11.075286","314155.747602","0.829070","11.167107","316587.761568","0.774143","11.253557"
"Bajaj Finance Ltd.","Other asset financing services","2","Non Banking Financial Company (NBFC)","1.408751","0.884024","2.310661","-0.815702","-1.788743","-2.020202","-3.402596","-0.890290","1.785415","-0.186373","1.169751","0.265986","-0.048725","-1.673708","0.980554","2.765807","-1.242170","0.102129","-2.459324","-2.113955","-0.792981","-0.589569","-0.273723","1.715462","-2.057567","1.813799","-0.315706","-1.532632","5.485038","2.613525","1.841240","-0.130256","0.046953","0.307660","0.675816","-0.609315","2.966542","-1.064635","0.168299","2.922458","631872.102313","1.010202","6.033166","634051.186319","0.344862","6.053972","642144.926915","1.276512","6.131252","640712.957425","-0.222998","6.117579","649055.736192","1.302109","6.197237","629070.422876","-3.079137","6.006415","624961.293036","-0.653207","5.967181","635358.636723","1.663678","6.066456","636666.087127","0.205781","6.078939","626704.560241","-1.564639","5.983826","635856.713068","1.460362","6.071211","646005.018583","1.596005","6.168108","657647.553132","1.802236","6.279272","662441.537946","0.728960","6.325045","665679.034184","0.488722","6.355957","660137.934853","-0.832398","6.303050","647374.728530","-1.933415","6.181186","630564.651909","-2.596653","6.020682","652666.789688","3.505134","6.231715","652729.049231","0.009539","6.232310","656464.621814","0.572301","6.267977","655904.285926","-0.085357","6.262627","710505.905172","8.324632","6.783968"
"Bajaj Finserv Ltd.","Other fund based financial services","2","Holding Company","1.327839","1.366923","2.312493","-0.631774","-0.339819","-1.325414","-2.753316","-0.911279","0.653595","-0.695322","1.446676","-0.188238","1.268716","-1.117381","0.787581","2.344281","-0.370698","0.466485","-1.409541","-1.384840","-0.994940","-0.401975","-1.418358","-0.386010","-1.679192","1.104741","-1.706928","-1.147699","2.674609","3.617311","2.119758","-1.270072","0.402357","-0.129819","0.723409","-0.965099","0.878187","-0.893008","-0.300351","1.273234","287714.865843","0.977418","26.016119","297014.061273","3.232087","26.856983","303400.255725","2.150132","27.434444","299414.886255","-1.313568","27.074074","301751.689238","0.780457","27.285375","296886.017274","-1.612475","26.845405","303304.222726","2.161842","27.425760","306665.377701","1.108179","27.729687","305400.943210","-0.412317","27.615352","299174.803757","-2.038677","27.052364","296037.725780","-1.048577","26.768700","294277.120794","-0.594723","26.609500","296741.967775","0.837594","26.832379","297942.380266","0.404531","26.940925","304200.530719","2.100457","27.506807","300327.199748","-1.273282","27.156568","302407.914733","0.692816","27.344713","300375.216248","-0.672171","27.160910","306185.212704","1.934246","27.686269","308570.032187","0.778881","27.901912","308009.839691","-0.181545","27.851257","305609.014709","-0.779464","27.634167","325074.267717","6.268985","29.393880"
"Bajaj Holdings & Invst. Ltd.","Other fund based financial services","2","Holding Company","1.061654","0.896299","1.365938","-0.141349","0.330282","-1.946953","-3.146283","-0.713083","3.311721","-0.473110","0.572371","-0.520884","1.502957","-0.630493","0.778696","1.516741","0.591994","-1.391873","-1.847291","-0.878294","-0.292113","-0.488281","-0.618253","0.710971","-3.245416","3.901500","-2.126207","-1.714001","3.021393","1.230194","1.730507","0.344037","1.676190","0.009367","2.041772","-2.569986","-0.301460","0.151186","-0.066044","1.331193","119295.513369","1.094030","4.552425","120842.493158","1.296763","4.611459","123302.079729","2.035366","4.705319","120408.448469","-2.346782","4.594895","119740.687409","-0.554580","4.569413","115032.971936","-3.931592","4.389762","117759.662931","2.370356","4.493815","118572.105554","0.689916","4.524819","119662.781952","0.919842","4.566440","116702.374586","-2.473958","4.453468","117203.195381","0.429144","4.472580","115934.449367","-1.082518","4.424163","115722.991698","-0.182394","4.416094","114621.185949","-0.952106","4.374048","116257.200546","1.427323","4.436480","116023.484175","-0.201034","4.427561","118371.777236","2.023981","4.517174","118850.339329","0.404287","4.535436","120308.284310","1.226707","4.591073","120542.000681","0.194265","4.599992","121855.264099","1.089465","4.650107","122088.980470","0.191798","4.659026","126240.228393","3.400182","4.817441"
"Bank Of Baroda","Banking services","3","Public Sector Bank","0.622485","-0.641267","2.619590","0.018498","-2.385796","0.795756","-2.274436","0.653972","2.350468","-2.389843","-0.516450","0.211498","1.132003","-0.170746","0.874192","2.581010","-0.624426","0.147847","-0.904226","-1.545624","0.548515","1.147479","0.911289","0.331736","-1.687524","5.593057","-1.625571","-0.631266","2.671898","0.473157","-0.253577","2.360632","0.408018","-0.689046","1.779043","-2.884111","0.755940","-0.267953","-2.274763","-0.146628","140480.053593","-0.275330","0.990734","134584.700708","-4.196576","0.949157","130421.754154","-3.093180","0.919798","129258.197664","-0.892149","0.911592","128172.211607","-0.840168","0.903933","124345.403594","-2.985677","0.876945","126491.518898","1.725931","0.892080","129775.333882","2.596075","0.915239","129620.193017","-0.119546","0.914145","127525.791334","-1.615799","0.899374","128327.352472","0.628548","0.905027","128404.922905","0.060447","0.905574","127629.218578","-0.604108","0.900104","131792.165132","3.261750","0.929463","128094.641174","-2.805572","0.903386","127086.225549","-0.787243","0.896274","125741.671382","-1.057986","0.886792","127448.220901","1.357187","0.898827","126181.237168","-0.994116","0.889892","123698.983322","-1.967213","0.872386","125845.098626","1.734950","0.887521","124965.967056","-0.698582","0.881321","125457.246463","0.393131","0.884786"
"Bharat Electronics Ltd.","Communication equipment","1","Aerospace & Defense","0.521679","-0.046131","1.119188","0.285258","0.056889","-1.762565","-3.576803","2.821128","0.140105","-1.212545","0.696330","-0.855602","-2.281594","1.717880","-0.915794","1.272356","-0.414839","-0.238039","-1.992365","-0.864273","0.159627","-0.306485","0.811608","-0.414735","1.163645","-0.217944","-0.897949","-1.481572","1.043997","0.750308","-0.488341","3.018035","2.084078","-0.396640","1.077536","-2.665122","-1.535714","-1.535485","1.080550","0.048591","304269.543757","1.080622","12.295766","303392.370298","-0.288288","12.260318","305585.303946","0.722804","12.348937","311067.638068","1.794044","12.570482","306389.379618","-1.503936","12.381430","297946.585070","-2.755577","12.040250","296923.216034","-0.343474","11.998895","303246.174721","2.129493","12.254411","300285.714295","-0.976256","12.134776","299774.029777","-0.170399","12.114099","300395.360978","0.207267","12.139207","297581.096129","-0.936854","12.025480","299298.894153","0.577254","12.094898","298348.622906","-0.317499","12.056497","299737.480883","0.465515","12.112622","297325.253870","-0.804780","12.015142","296301.884834","-0.344192","11.973787","296046.042574","-0.086345","11.963448","297617.645023","0.530864","12.026957","284350.396448","-4.457817","11.490818","283290.478518","-0.372751","11.447986","281353.387128","-0.683783","11.369706","283509.771883","0.766433","11.456847"
"Bharat Petroleum Corpn. Ltd.","Refinery","1","Refineries & Marketing","0.416043","-1.060656","5.209380","-2.053813","-1.576723","-2.741536","-2.241467","3.213479","-0.706833","-3.576271","-1.283178","2.012108","2.548438","0.902128","-0.269906","4.279432","-1.184104","0.837163","-2.946443","-0.419322","-0.825333","-0.781250","1.044163","-0.050822","-3.338983","1.385236","-0.380491","-0.572917","5.587568","2.728626","0.482936","1.874399","-0.518950","-3.066709","0.652316","-0.016202","2.317291","-1.884701","-2.889427","0.914229","131977.336945","0.214133","1.444957","134688.902875","2.054569","1.474644","133691.046613","-0.740860","1.463719","133691.046613","0.000000","1.463719","136207.379796","1.882200","1.491269","131695.334088","-3.312629","1.441869","133712.739140","1.531873","1.463957","134385.207491","0.502920","1.471319","133430.736283","-0.710250","1.460869","132476.265076","-0.715331","1.450419","134320.129908","1.391845","1.470607","135361.371226","0.775194","1.482007","136901.540674","1.137821","1.498870","137790.934299","0.649659","1.508607","138550.172759","0.551008","1.516920","136229.072323","-1.675278","1.491507","134428.592546","-1.321656","1.471794","134558.747710","0.096821","1.473219","137205.236058","1.966790","1.502195","138853.868143","1.201581","1.520245","137704.164189","-0.827996","1.507657","137010.003311","-0.504096","1.500057","138723.712979","1.250792","1.518820"
"Bharti Airtel Ltd.","Telecommunication services","1","Telecom - Cellular & Fixed line services","-3.164087","-1.149362","1.528155","-0.387195","0.432498","-4.071954","-0.170474","1.844262","5.270512","1.162729","1.716175","-1.269284","-0.449438","-1.028925","-0.737283","0.181682","-1.488159","0.286967","-1.252565","-1.006014","0.198829","0.545695","-0.285072","-1.138050","0.839729","-0.788617","-1.322957","0.416854","2.238304","1.026063","0.640886","1.225040","-0.047982","1.920205","0.303538","-0.782636","-1.277871","-1.416929","-0.518723","0.592037","1167719.972524","1.025918","6.013441","1170216.434250","0.213789","6.026297","1192310.120529","1.888000","6.140073","1201859.086632","0.800879","6.189248","1201921.498175","0.005193","6.189569","1178392.346404","-1.957628","6.068400","1205229.309963","2.277422","6.206604","1198551.274845","-0.554088","6.172213","1186942.727817","-0.968548","6.112433","1208599.533293","1.824587","6.223959","1197240.632438","-0.939840","6.165464","1199425.036449","0.182453","6.176713","1191311.535838","-0.676449","6.134931","1210846.348847","1.639774","6.235530","1216026.506929","0.427813","6.262206","1216400.976188","0.030794","6.264135","1205166.898420","-0.923551","6.206282","1184695.912263","-0.455722","6.610796","1189127.131827","0.374039","6.635523","1186942.727817","-0.183698","6.623334","1217149.914706","2.544957","6.791895","1221269.076555","0.338427","6.814881","1230755.631115","0.776778","6.867817"
"Bosch Ltd.","Other automobile ancillaries","1","Auto Components & Equipments","-0.402834","0.055788","2.160580","3.411107","0.659718","-2.175908","-2.157309","-0.534100","1.734820","2.151847","-1.550079","-0.067286","-0.807972","-4.398588","2.428287","0.679329","-1.308180","0.558114","1.637297","0.218430","1.403079","1.450833","-2.012712","0.648649","-1.691729","3.305108","-0.079323","-0.595396","3.979768","0.025602","-0.063988","0.473812","2.052001","0.399650","0.261227","-0.272953","0.435432","0.185805","-1.372404","0.037608","120299.843850","2.218045","7.732769","122453.059150","1.789874","7.871176","123573.910950","0.915332","7.943223","124252.321250","0.548992","7.986831","123691.895350","-0.451039","7.950807","122733.272100","-0.775009","7.889187","124547.282250","1.478010","8.005790","123337.942150","-0.970989","7.928055","122983.988950","-0.286978","7.905303","122290.830600","-0.563617","7.860748","122246.586450","-0.036179","7.857904","121258.467100","-0.808300","7.794388","120506.316550","-0.620287","7.746041","120816.025600","0.257006","7.765948","120550.560700","-0.219727","7.748885","122585.791600","1.688280","7.879708","124591.526400","1.636189","8.008634","123160.965550","-1.148201","7.916679","121671.412500","-1.209436","7.820932","121848.389100","0.145455","7.832308","121125.734650","-0.593077","7.785856","122556.295500","1.181054","7.877812","121184.726850","-1.119134","7.789648"
"Britannia Industries Ltd.","Bakery products","1","Packaged Foods","1.161369","0.725076","-0.882681","0.536054","-5.056760","-1.983696","-1.413917","0.037495","0.684033","0.623546","-0.471698","0.669083","-1.329272","-0.215174","-0.028127","-0.084404","0.206495","-0.046834","-2.455253","-0.903065","-0.785264","-1.035763","0.513428","0.599214","-0.820232","0.571035","1.243270","-1.121640","1.026794","0.658213","0.346187","0.277911","0.248471","-0.953289","0.433109","0.450407","0.410227","-0.484561","-2.577812","0.872207","126744.897355","2.244244","24.291800","129442.622270","2.128468","24.808844","129563.056418","0.093041","24.831926","131381.612053","1.403607","25.180468","131200.960831","-0.137501","25.145845","128033.542739","-2.414173","24.538781","129141.536900","0.865394","24.751138","128936.798849","-0.158538","24.711898","128828.408116","-0.084065","24.691124","127262.764192","-1.215294","24.391054","128033.542739","0.605659","24.538781","127913.108591","-0.094065","24.515699","130369.965210","1.920723","24.986577","131754.957912","1.062356","25.252024","132043.999867","0.219378","25.307421","132128.303771","0.063845","25.323579","129779.837885","-1.777413","24.873474","129575.099833","-0.157758","24.834234","129695.533981","0.092945","24.857316","131959.695964","1.745752","25.291263","132899.082318","0.711874","25.471305","133067.690125","0.126869","25.503620","130466.312528","-0.316771","42.948338"
"C G Power & Indl. Solutions Ltd.","Generators, transformers & switchgears","1","Heavy Electrical Equipment","-1.358579","3.066185","0.241867","3.643383","1.681993","-1.768645","-2.843491","1.601295","0.141668","-1.184792","-3.513481","1.316847","4.131072","1.365368","0.092496","0.254130","1.296232","6.329978","-1.856012","-2.517848","1.492704","-0.115677","3.446755","-0.005331","-3.673295","0.863405","-0.340211","-0.743310","1.453375","2.301930","0.555852","2.450303","-0.964981","0.969145","-0.119332","-1.251883","-3.266702","2.463429","1.501964","-0.428758","153796.723665","2.557370","17.918823","151103.509149","-1.751152","17.605038","140574.772869","-6.967897","16.378337","145693.455429","3.641253","16.974713","143401.860621","-1.572888","16.707720","143023.865602","-0.263591","16.663680","143464.859791","0.308336","16.715060","144362.597963","0.625755","16.819655","142614.370997","-1.210997","16.615970","143929.478670","0.922142","16.769193","146339.196921","1.674235","17.049949","145205.211862","-0.774902","16.917828","142538.758765","-1.838494","16.604471","143712.144127","0.823204","16.741160","144090.147465","0.263028","16.785194","143775.144683","-0.218615","16.748499","139199.729277","-3.182341","16.215505","136663.956884","-1.821679","15.920110","138175.970237","1.106373","16.096246","132946.924059","-3.784338","15.487110","130647.403752","-1.729653","15.219236","131153.821232","0.373719","15.257417","136005.535974","3.699255","15.821827"
"Canara Bank","Banking services","3","Public Sector Bank","0.111400","-0.363501","2.777157","-1.528542","-1.169720","-3.654905","0.448119","-0.576879","1.222343","-2.117090","-2.475209","1.000801","1.196988","0.242833","0.203173","4.265772","-0.411369","0.758543","-2.504472","-2.171254","0.875274","2.145956","0.963216","2.020733","-2.871659","4.245319","-2.945240","-1.453619","3.307482","0.402521","0.476551","1.814349","-0.199645","-0.911314","0.807537","-3.300697","-0.168750","-0.922013","-2.396278","-0.270141","114544.184111","0.605481","1.060547","114870.727557","0.285081","1.063570","115369.613376","0.434302","1.068190","114707.455834","-0.573944","1.062059","113410.352704","-1.130792","1.050049","109890.940015","-3.103255","1.017463","113201.727725","3.012794","1.048117","116811.846926","3.189103","1.081543","117310.732746","0.427085","1.086162","114054.368943","-2.775845","1.056012","114716.526485","0.580563","1.062143","114199.499363","-0.450700","1.057356","113392.211401","-0.706910","1.049881","116848.129531","3.047756","1.081879","115668.944868","-1.009160","1.070961","114707.455834","-0.831242","1.062059","113582.695078","-0.980547","1.051645","113972.733082","0.343396","1.055256","115433.107935","1.281337","1.068777","112693.771254","-2.373094","1.043414","113129.162515","0.386349","1.047446","112730.053859","-0.352790","1.043750","113364.999447","0.563244","1.049629"
"Cholamandalam Investment & Finance Co. Ltd.","Housing finance services","2","Non Banking Financial Company (NBFC)","4.901145","1.091796","3.288283","-1.326012","-0.893914","-2.962786","-3.908895","0.871236","-0.476311","-1.327292","-1.189937","-1.079914","0.496229","-0.980973","2.380319","3.325107","-1.489629","0.759268","-2.627913","-2.913442","-0.676536","-0.822768","1.047192","1.157470","-3.139968","2.706044","-1.524676","-1.201956","7.780603","5.452458","1.620706","-0.071412","0.577656","0.266446","1.499941","0.413079","3.882033","0.351386","-1.400622","0.890643","153746.947168","0.754274","4.798387","152485.118954","-0.820718","4.759006","152595.955216","0.072687","4.762465","157771.156067","3.391440","4.923981","158018.406190","0.156714","4.931698","151109.066590","-4.532211","4.716017","153030.595921","1.271617","4.775987","154388.476648","0.887326","4.818365","154653.220689","0.171479","4.826628","151288.409327","-2.175714","4.721614","154055.411564","1.828959","4.807971","152791.472271","-0.820445","4.768524","154140.812868","0.883126","4.810636","152255.210813","-1.224445","4.751788","150205.555742","-1.306933","4.696582","147575.165069","-1.751194","4.614335","146661.360517","-0.619213","4.585763","147267.716808","0.413440","4.604722","152460.176320","3.525864","4.767078","149710.222434","-1.803719","4.681094","153971.796934","2.846549","4.814343","151486.590161","-1.614066","4.736637","157985.704781","4.290224","4.939849"
"Cipla Ltd.","Drugs & pharmaceuticals","1","Pharmaceuticals","1.939524","-0.097378","2.301867","-0.153914","-1.123101","-3.125464","-0.965591","2.731564","8.217837","-0.320178","-0.411982","-1.149909","-0.730600","0.171490","-0.192596","1.050600","0.254615","0.049383","-1.212805","-0.763740","-0.791196","-0.297252","1.708842","1.115321","-0.956255","-0.821385","0.036324","0.457516","0.440974","-0.582985","-0.586404","-1.631226","0.347942","-0.272962","4.727031","1.229074","0.334938","0.153001","0.972155","0.777113","117678.827182","-0.593695","3.459812","117622.278010","-0.048054","3.458149","117800.003979","0.151099","3.463375","118939.065875","0.966946","3.496864","117282.982977","-1.392379","3.448174","115667.292345","-1.377600","3.400672","116434.745395","0.663500","3.423235","116281.254785","-0.131825","3.418723","115255.291234","-0.882312","3.388559","116176.234894","0.799047","3.415635","116168.156441","-0.006954","3.415398","115481.487922","-0.591099","3.395209","114609.014981","-0.755509","3.369558","116458.980755","1.614154","3.423948","115723.841517","-0.631243","3.402335","114318.190667","-1.214660","3.361008","112532.852519","-1.561727","3.308518","113954.660275","1.263460","3.350320","113857.718837","-0.085070","3.347470","116701.334349","2.497517","3.431073","119100.634938","2.055932","3.501614","118462.437138","-0.535848","3.482850","119012.928415","0.463721","3.499034"
"Coal India Ltd.","Other fund based financial services","2","Coal","-0.311559","-1.531410","-0.507829","-0.754998","-2.196507","1.763804","-0.301432","-0.172768","-1.773932","1.794957","-0.021636","-1.114477","0.382974","0.327011","-0.793133","0.317599","0.032751","1.069519","-1.112191","3.210308","-0.095218","0.031770","1.979674","-1.941244","-1.566801","0.430200","-3.405440","-1.064302","-0.605110","0.124014","1.553879","1.064420","-0.822820","-0.154867","-0.509639","-1.035635","-0.585124","-1.437465","2.170418","-1.303810","267924.614016","-0.979387","11.505789","270482.146272","0.954572","11.615620","270358.891705","-0.045568","11.610327","266445.559218","-1.447458","11.442273","264350.231587","-0.786400","11.352291","264411.858870","0.023313","11.354937","264935.690778","0.198112","11.377433","264565.927078","-0.139567","11.361553","265120.572628","0.209644","11.385372","265367.081761","0.092980","11.395958","263487.449621","-0.708314","11.315239","263364.195054","-0.046778","11.309946","263549.076904","0.070200","11.317886","264627.554361","0.409213","11.364200","265767.659102","0.430834","11.413161","264011.281529","-0.660870","11.337735","263179.313205","-0.315126","11.302006","263395.008696","0.081958","11.311269","263456.635979","0.023397","11.313916","252764.302332","-4.058480","10.854743","252702.675049","-0.024381","10.852096","257109.025802","1.743690","11.041323","255229.393663","0.587248","12.827809"
"Cummins India Ltd.","Engines","1","Compressors, Pumps & Diesel Engines","0.429136","-0.548308","1.226236","1.474317","-0.037016","-3.008702","-1.498521","1.007752","2.973906","0.465810","-1.734050","-0.839860","2.769319","-0.175942","-0.686456","0.541752","0.678187","11.239273","-2.430527","-3.409284","0.484112","-0.271549","1.668863","-0.060475","-2.999654","0.267356","-0.284419","-0.935912","1.160698","2.357022","-0.530066","1.913165","0.428596","0.119495","-1.722080","-0.494448","-3.138349","1.557016","-1.781283","2.129387","156978.360000","0.061843","18.730490","154636.020000","-1.492142","18.451004","151850.160000","-1.801560","18.118598","154636.020000","1.834611","18.451004","151669.980000","-1.918078","18.097099","152418.420000","0.493466","18.186402","153638.100000","0.800218","18.331933","155827.980000","1.425350","18.593227","153984.600000","-1.182958","18.373277","152279.820000","-1.107111","18.169865","153832.140000","1.019387","18.355086","155010.240000","0.765835","18.495656","151018.560000","-1.752504","21.252918","152626.320000","1.064611","21.479179","154760.760000","1.398474","21.779560","154843.920000","0.053735","21.791263","155204.280000","0.232725","21.841977","155245.860000","0.026790","21.847828","156049.740000","0.517811","21.960959","151226.460000","-3.090861","21.282176","149216.760000","-1.328934","20.999350","149577.120000","0.241501","21.050063","152986.680000","2.279466","21.529893"
"D L F Ltd.","Housing construction","1","Residential, Commercial Projects","3.441227","-1.630435","2.059267","1.517388","-1.712854","-2.959309","-3.566285","0.869642","1.584952","-2.828976","1.129246","0.741516","1.021822","0.797188","-0.212603","0.954491","-0.422083","0.695151","-0.555649","-1.786319","2.034307","-1.740306","-0.644828","-0.017307","-2.838844","2.467486","-2.077719","-0.035511","4.271758","4.667405","2.416796","-0.913714","2.750381","-2.528484","0.496397","-2.429892","0.947171","0.517674","-1.062203","0.862139","160573.470368","4.620595","5.072910","162925.016489","1.464467","5.147201","167306.318209","2.689152","5.285617","166662.737165","-0.384672","5.265285","161167.545178","-3.297193","5.091678","156934.762160","-2.626325","4.957954","163271.560128","4.037855","5.158149","169744.500239","3.964524","5.362645","168902.894259","-0.495808","5.336057","166204.804499","-1.597421","5.250817","162813.627462","-2.040360","5.143682","160424.951666","-1.467123","5.068218","165301.315727","3.039654","5.222274","165499.340663","0.119796","5.228530","166749.373075","0.755310","5.268022","161266.557646","-3.288058","5.094806","158964.517759","-1.427475","5.022079","159707.111271","0.467144","5.045539","161118.038944","2.123373","5.429808","164125.542666","1.866646","5.531163","165907.767095","1.085891","5.591226","162095.787067","-2.297650","5.462759","163197.300777","0.679545","5.499881"
"Divi'S Laboratories Ltd.","Drugs & pharmaceuticals","1","Pharmaceuticals","1.799308","0.475867","0.766802","0.007460","0.119358","0.052157","-1.042598","2.287778","1.846675","-2.326085","1.101989","1.126554","-0.274884","-0.507761","0.422864","-1.894874","-0.051802","0.658966","-1.919823","-1.702415","-0.312810","0.665850","0.304113","0.401728","-1.540088","3.557737","-1.695543","0.256082","-0.262940","-0.444411","1.573731","-0.729981","1.553238","-0.354662","0.659944","-0.596685","0.096339","-0.592285","-2.323676","0.327869","173762.459039","-0.509196","9.871695","177399.378585","2.093041","10.078313","179377.119506","1.114852","10.190672","182045.078735","1.487346","10.342242","179762.048947","-1.254101","10.212540","179324.025790","-0.243668","10.187655","180863.743554","0.858623","10.275129","181474.321288","0.337590","10.309817","184195.374233","1.499415","10.464404","190832.088733","3.603084","10.841445","193075.298234","1.175489","10.968885","194216.813128","0.591228","11.033736","192398.353355","-0.936304","10.930427","194269.906844","0.972749","11.036752","194588.469140","0.163979","11.054850","196088.366617","0.770805","11.140062","193924.797690","-1.103364","11.017146","192424.900213","-0.362765","11.449992","196818.405212","2.283231","11.711422","197110.420650","0.148368","11.728798","206654.016101","4.841751","12.296677","207994.632430","0.648725","12.376448","213861.488048","2.820676","12.725548"
"Dr. Reddy'S Laboratories Ltd.","Drugs & pharmaceuticals","1","Pharmaceuticals","-2.698617","-1.243008","3.130900","-0.259344","-1.047721","-1.082000","-0.773498","-0.370079","3.026950","2.539122","-0.411461","0.300481","-0.996105","-0.257206","-0.857035","1.851285","-0.262881","-0.670231","-1.175133","-1.004987","-1.270924","-0.839874","0.332463","0.844181","-0.203411","-0.556601","0.252266","0.338130","-0.047022","0.321468","-0.203204","-0.618686","-0.118203","0.362919","1.462149","0.821260","2.082533","1.663656","1.865976","-1.352039","111838.210442","-1.267408","3.520186","112322.322406","0.432868","3.535424","114692.801678","2.110426","3.610036","114175.302682","-0.451204","3.593748","113065.183868","-0.972293","3.558806","112597.765420","-0.413406","3.544094","105962.092810","-5.893254","3.335231","103858.709794","-1.354864","3.339208","103040.727510","-0.787591","3.312908","104017.298196","0.947752","3.344307","102623.389610","-1.340074","3.299490","102197.704952","-0.414803","3.285804","101095.932896","-1.078079","3.250380","102089.197098","0.982497","3.282315","100661.901480","-1.398087","3.236426","98725.453624","-1.923715","3.174166","97348.238554","-1.394995","3.129887","96129.611886","-1.251822","3.090706","96054.491064","-0.078145","3.088291","94785.783848","-1.320820","3.047500","95345.016634","0.589996","3.065480","95553.685584","0.218857","3.072189","95829.128598","0.288260","3.081045"
"Eicher Motors Ltd.","Two & three wheelers","1","2/3 Wheelers","3.094669","-0.375222","0.123262","0.232542","-0.341180","-1.369394","-1.062131","-2.168117","0.896507","-0.277225","-1.447003","-0.441198","-0.479477","0.620483","1.298607","6.194944","-0.512544","0.582972","-3.261895","-1.065905","0.577424","-0.161031","-0.280505","-0.562588","-0.282885","2.170213","0.229071","-0.554055","1.845532","4.273796","-0.839399","-0.681172","1.225196","0.131562","0.374458","-0.805027","-0.079177","0.343370","-2.263754","-4.746835","195963.786667","0.925991","8.405236","199010.709250","1.554840","8.535924","201467.462143","1.234483","8.641298","205090.829540","1.798488","8.796711","206861.338608","0.863280","8.872651","203635.992630","-1.559183","8.734310","202057.631833","-0.775089","8.666612","202181.155721","0.061133","8.671910","200287.122765","-0.936800","8.590671","199820.476963","-0.232988","8.570656","203251.696089","1.717151","8.717827","203635.992630","0.189074","8.734310","207616.206815","1.954573","8.905029","207616.206815","0.000000","8.905029","211074.875693","1.665895","9.053377","209496.514896","-0.747773","8.985679","211953.267789","1.172694","9.091053","209386.715884","-1.210905","8.980969","213270.855933","1.855008","9.147567","215096.264508","0.855911","9.225862","213550.435097","-0.727412","9.159555","217215.299872","1.716159","9.316747","215046.578395","0.037915","10.209481"
"Eternal Ltd.","Online marketplaces","1","E-Retail/ E-Commerce","1.971420","-1.361651","3.050670","0.535052","-0.400124","-4.103124","-2.395575","-0.900075","3.363889","-1.887560","0.091218","2.406794","-1.565471","-0.530122","-0.041314","2.364125","1.009408","2.534277","-2.311801","-0.989704","1.068118","-1.495513","2.975709","0.845292","-3.196881","-1.067257","-2.381437","-1.918265","3.656463","3.363413","0.634921","1.892744","0.058050","2.223941","-0.245933","-1.782666","-1.004055","-0.468110","1.665687","2.004626","269920.307597","5.706727","7.162154","269920.307597","0.000000","7.162154","271802.125973","0.697176","7.212087","273490.937336","0.621339","7.256898","279281.147724","2.117149","7.410537","276675.553049","-0.932965","7.341400","282224.504672","2.005581","7.488637","279522.406490","-0.957429","7.416939","275228.000452","-1.536337","7.302990","276144.783764","0.333100","7.327316","284492.337074","3.022890","7.548813","276434.294283","-2.832429","7.334998","276579.049543","0.052365","7.338839","276916.811816","0.122121","7.347801","276579.049543","-0.121972","7.338839","274455.972401","-0.767620","7.282505","277061.567075","0.949367","7.351642","270209.818116","-2.473006","7.169836","285505.623891","5.660714","7.575700","297568.562200","4.225114","7.895782","300897.933173","1.118858","7.984124","299788.142849","-0.368826","7.954677","291874.855319","-2.639627","7.744703"
"G A I L (India) Ltd.","Natural gas trading & distribution","1","Gas Transmission/Marketing","0.765791","-0.474222","1.209530","0.953646","-0.460361","-2.390534","-1.329149","1.845962","-0.428633","-0.295185","-1.178067","-2.558981","-0.307456","0.167052","3.123797","4.913852","-0.616589","0.817276","-2.656805","-0.468057","0.665690","-0.588485","2.251922","-0.089526","0.716846","-0.599051","0.250612","-1.142789","2.655187","2.879765","0.387663","-0.601965","0.805576","-1.439583","1.955147","-1.951495","0.627013","-1.189047","-0.364478","0.720009","114735.488770","0.599562","1.464087","114597.411678","-0.120344","1.462325","114505.360283","-0.080326","1.461150","115083.969051","0.505312","1.468534","114413.308888","-0.582757","1.459976","111276.986358","-2.741222","1.419954","111908.195924","0.567242","1.428009","114229.206098","2.074031","1.457626","113828.125020","-0.351120","1.452508","112769.533977","-0.929991","1.439000","113847.850319","0.956212","1.452760","112901.035970","-0.831649","1.440678","112565.705888","-0.297012","1.436399","113755.798924","1.057243","1.451585","114400.158689","0.566441","1.459808","113755.798924","-0.563251","1.451585","113085.138760","-0.589561","1.443027","111789.844130","-1.145415","1.426499","114557.961080","2.476179","1.461821","115162.870247","0.528038","1.469540","115143.144948","-0.017128","1.469289","114170.030201","-0.845135","1.456871","119298.607923","4.492053","1.522315"
"Godrej Consumer Products Ltd.","Personal & home care products","1","Personal Care","0.506044","2.703963","-0.671811","-5.255461","0.559522","-3.021873","2.403799","0.029121","0.271713","0.570986","-2.386451","0.749211","0.088063","-0.547463","1.002654","-0.690998","1.117209","1.221167","-1.445806","-1.972214","-0.981169","-1.261135","0.902179","0.261202","-0.100200","1.624875","1.421240","-1.819774","2.418476","0.338721","-0.221836","-1.401643","-1.058824","-0.852160","1.888867","0.117705","-0.019594","1.381676","-1.227528","-1.164498","106785.804473","3.326733","13.876089","110223.906265","3.219624","14.322847","110193.208928","-0.027850","14.318858","112624.943127","2.200761","14.634846","112277.019443","-0.308922","14.589635","110025.748547","-2.005104","14.297098","111274.180589","1.134673","14.459323","111376.511085","0.091962","14.472620","109360.600327","-1.809996","14.210667","108634.053810","-0.664359","14.116257","107723.312402","-0.838357","13.997912","108234.964879","0.474969","14.064398","109688.057912","1.342536","14.253217","108961.511395","-0.662375","14.158808","107876.808145","-0.995492","14.017858","109370.833377","1.384936","14.211996","108327.062325","-0.954341","14.076365","108419.159770","0.085018","14.088333","109872.252804","1.340255","14.277152","109176.405436","-0.633324","14.186732","110158.778190","0.899803","14.314384","109708.524011","-0.408732","14.255877","109534.562169","-0.158567","14.233272"
"Grasim Industries Ltd.","Man-made filaments & fibres","1","Cement & Cement Products","2.200751","0.542717","1.507923","1.571291","0.270215","0.525500","-2.720997","1.467447","-0.234248","-0.166740","0.340855","-0.292139","1.223085","6.172798","0.025361","0.516591","-0.208097","0.157978","-1.501577","-0.634128","-0.161155","0.129132","0.061259","-0.509103","-1.217735","1.488476","-0.785010","0.595858","0.517883","1.899855","-0.764734","0.321625","-0.168233","0.139900","0.816003","-0.973167","-0.521579","-0.041561","-1.484040","0.642815","213729.524087","1.303226","3.849330","215689.596146","0.917081","3.884631","216485.875420","0.369178","3.898972","218670.539069","1.009148","3.938319","217166.455996","-0.687831","3.911230","213348.398964","-1.758125","3.842465","217234.514053","1.821488","3.912455","218711.373903","0.679846","3.939054","213994.950512","-2.156460","3.854110","211885.150726","-0.985911","3.816112","210033.971559","-0.873671","3.782772","209135.605199","-0.427724","3.766592","211640.141719","1.197566","3.811699","213960.921483","1.096569","3.853497","216411.011556","1.145111","3.897624","215492.227779","-0.424555","3.881076","211864.733309","-1.683353","3.815744","210258.563149","-0.758111","3.786817","211823.898474","0.744481","3.815009","212082.519093","0.122092","3.819667","211864.733309","-0.102689","3.815744","211306.657236","-0.263412","3.805693","211034.425006","-0.128833","3.800790"
"H C L Technologies Ltd.","Computer software","1","Computers - Software & Consulting","0.116754","-0.024990","-0.924846","-0.479354","1.267534","-0.292056","-4.109130","-0.226916","-1.679496","0.765125","1.236094","2.860631","-0.813973","-0.136776","-0.359527","0.146048","-0.325984","0.284018","1.596292","0.954553","4.049870","-5.186972","-0.907549","-1.164085","-0.294449","-0.434292","-1.238768","-1.934458","-0.054044","0.874189","3.546860","0.672994","-0.428522","-2.590807","-0.106035","-1.857585","0.396575","-1.185026","0.154447","-2.775762","280647.244228","-3.508117","10.626580","292560.234000","4.244827","11.077660","309086.454434","5.648827","11.703418","307783.895188","-0.421422","11.654097","317010.356515","2.997708","12.003453","310877.473398","-1.934600","11.771234","312180.032644","0.418994","11.820555","315897.753825","1.190890","11.961325","331392.781524","4.905077","12.548037","316603.306750","-4.462823","11.988040","316956.083213","0.111425","12.001398","322220.593499","1.660959","12.200736","326698.140907","2.400202","14.110079","331419.918174","1.445303","14.314013","336358.788649","1.490215","14.527322","335761.782328","-0.177491","14.501537","337769.894499","0.598076","14.588268","344906.833702","2.112959","14.896512","351663.859791","1.959087","15.188348","357823.879559","1.751678","15.454399","364797.998855","1.949037","15.755610","367077.477536","0.624861","15.854061","365503.551780","-0.428772","15.786083"
"H D F C Asset Mgmt. Co. Ltd.","Asset management services (mutual funds)","2","Asset Management Company","1.511465","1.913858","0.342087","0.664086","0.684400","-3.742116","-4.164240","0.740656","1.481733","0.442116","-2.899945","1.085673","1.194604","1.586415","0.395909","0.708365","-0.663500","-0.857727","-1.546221","-2.602550","-0.813913","-2.844978","0.513944","1.070197","-1.718819","2.050550","-2.217073","-2.369475","2.765922","6.799951","1.361089","1.974724","0.630740","-0.337219","-1.070246","-0.368043","-2.048507","0.937107","-1.626599","1.787770","117699.610483","3.490125","15.177607","118291.151974","0.502586","15.253888","120031.484185","1.471228","15.478307","118882.693464","-0.957074","15.330168","119311.346718","0.360568","15.385444","113987.473304","-4.462169","14.698919","117326.682152","2.929452","15.129517","118359.736494","0.880494","15.262732","117836.779525","-0.441837","15.195295","114013.192499","-3.244816","14.702236","116988.046082","2.609219","15.085849","111544.149756","-4.653378","14.383848","113644.550700","1.883022","14.654699","113409.815971","-0.237628","14.624297","110674.156302","-2.412189","14.271531","109169.114697","-1.359885","14.077455","107569.740000","-1.465043","13.871214","107441.103966","-0.119584","13.854626","109443.538238","1.863751","14.112842","108534.510260","-0.830591","13.995622","108993.312117","0.422724","14.054785","109181.978301","0.173099","14.079114","112162.046436","2.729451","14.463396"
"H D F C Bank Ltd.","Banking services","3","Private Sector Bank","0.997797","-0.910957","3.139972","-0.062771","-1.909428","-2.202728","-1.728541","-0.113265","2.661419","-0.266389","0.149837","-0.806609","-0.386911","-0.046083","1.007706","2.614763","-1.010358","-2.599820","-1.858565","-0.248472","0.747273","0.721684","0.072978","-0.948024","-1.124423","-0.040615","1.151216","-0.301265","3.740263","0.634345","0.971248","0.280290","1.511879","-0.775970","0.846371","-1.494151","2.394630","0.390822","0.326510","-0.118914","1226176.688276","-0.225578","2.182041","1225791.655088","-0.031401","2.181355","1233723.338747","0.647066","2.195470","1278079.161924","3.595281","2.274404","1277232.088912","-0.066277","2.272896","1247969.566677","-2.291089","2.220822","1259135.529108","0.894730","2.240692","1270532.511453","0.905143","2.260974","1259751.582208","-0.848536","2.241789","1246583.447202","-1.045296","2.218355","1255901.250335","0.747467","2.234937","1244889.301178","-0.876816","2.215341","1262292.801244","1.397996","2.246311","1197607.225778","-5.124451","2.131200","1173024.597288","-2.076903","2.087452","1160238.328777","-1.090026","2.064699","1151149.294534","-0.783376","2.048524","1144294.005996","-0.595517","2.036325","1139287.334591","-0.437534","2.027415","1132894.200335","-0.561152","2.016039","1152612.783099","1.740549","2.051129","1161470.740200","0.768511","2.066892","1152853.638988","-0.769282","2.051556"
"H D F C Life Insurance Co. Ltd.","Insurance services","2","Life Insurance","0.247061","0.977309","2.061942","3.141750","-0.591621","0.160849","-3.356351","0.166168","1.617452","-0.628520","-0.616067","0.900901","-0.868283","1.528673","0.366241","0.551411","-0.185484","-1.494708","-2.427822","-1.387021","-1.133748","-0.948439","-0.113162","0.270153","-1.868590","-0.699672","-1.971102","-0.782458","1.852361","4.654722","-1.169993","1.288301","1.632864","0.448165","0.895497","0.050239","-0.954055","-1.064639","-0.375779","-1.268753","123820.211542","-1.024572","","124124.358039","0.245636","","123331.404671","-0.638838","","122571.038428","-0.616523","","124363.330287","1.462247","","120724.434694","-2.926020","","119888.031826","-0.692820","","123331.404671","2.872157","","124569.715411","1.004051","","120615.810945","-3.174050","","123559.514544","2.440562","","123309.679922","-0.202198","","122451.552304","-0.695913","","122668.799802","0.177415","","121875.846434","-0.646418","","120159.591199","-1.408200","","119692.509078","-0.388718","","120583.223820","0.744169","","120105.279325","-0.396361","","121387.039563","1.067197","","120941.682192","-0.366890","","118486.785464","-2.029819","","119160.252708","0.568390",""
"Hindalco Industries Ltd.","Aluminium & aluminium products","1","Aluminium","0.452794","1.150858","-0.843842","0.946644","-1.070380","-2.001149","1.748901","3.043979","2.814276","-3.244811","-1.348946","-0.455797","3.548602","1.271304","0.900573","-0.865489","0.381957","4.158362","-2.000522","1.295820","0.438097","-0.645555","-1.167793","-2.931770","-2.764049","1.346009","-3.473577","-1.443279","-0.263595","-0.753720","-3.106815","2.595684","0.059530","0.148736","0.415842","-2.701637","-1.033644","-2.396068","1.112044","-0.747043","211171.876366","-1.766674","2.590249","213306.741563","1.010961","2.616435","214205.632172","0.421408","2.627461","220318.088315","2.853546","2.702437","217868.611405","-1.111791","2.672391","218351.765107","0.221764","2.678318","216509.039358","-0.843925","2.655715","217407.929968","0.934143","2.704008","217273.096376","-0.062019","2.702331","218947.280136","0.770544","2.723154","214789.911068","-1.898799","2.671447","215576.440351","0.366185","2.681229","212171.892169","-1.579277","2.638885","212992.129850","0.386591","2.649087","213801.131398","0.379827","2.659149","213486.519685","-0.147152","2.655236","214756.202670","0.594737","2.671027","211868.516588","-1.344635","2.635112","212419.087087","0.259864","2.641959","210430.291614","-0.936260","2.617224","216284.316706","2.781931","2.690033","218070.861792","0.826017","2.712253","218980.988534","0.417354","2.723573"
"Hindustan Aeronautics Ltd.","Diversified","1","Aerospace & Defense","5.086660","1.116350","0.357887","3.354298","0.125468","-0.664147","-3.864348","1.006014","-0.227347","-4.813368","-1.361087","0.154860","-0.154620","1.014677","-0.045762","1.316271","0.040670","-0.332001","-2.474507","-1.154793","0.573564","-0.336567","-1.714313","0.617991","0.500368","0.608778","-1.046015","-1.111585","0.479352","2.204041","-0.674493","4.809906","-1.098532","-0.077071","2.429618","-0.332211","-2.917648","-0.004578","-0.592854","0.884222","296561.586000","1.214279","6.987273","296534.835000","-0.009020","6.986642","296193.759750","-0.115020","6.978606","296976.226500","0.264174","6.997042","294281.063250","-0.907535","6.933541","291900.224250","-0.809036","6.877447","292849.884750","0.325337","6.899822","301403.517000","2.920825","7.101353","301704.465750","0.099849","7.108444","297096.606000","-1.527276","6.999878","295631.988750","-0.492977","6.965371","296521.459500","0.300871","6.986327","300995.564250","1.508864","7.091741","300346.852500","-0.215522","7.076457","306412.641750","2.019595","7.219373","305951.187000","-0.150599","7.208501","307134.918750","0.386902","7.236391","305857.558500","-0.415895","7.206295","308907.172500","0.997070","7.278147","307643.187750","-0.409179","7.248366","307101.480000","-0.176083","7.235603","306392.578500","-0.230836","7.218900","310746.303750","1.420963","7.321478"
"Hindustan Unilever Ltd.","Personal & home care products","1","Diversified FMCG","2.594518","0.783787","-0.442554","-1.937767","0.682158","0.852384","-1.959085","0.234306","-0.820359","1.045048","-0.792184","-0.944903","-1.056921","-1.371475","1.128958","-0.322200","0.587298","-0.497873","-2.042394","-3.213374","0.450991","-0.148063","-0.535731","2.024622","-0.537356","1.075778","1.720743","-1.368979","1.355267","-0.585577","2.031446","-0.104550","0.951037","-1.077304","-0.441994","-0.128152","-0.106477","0.760033","-1.053261","-1.538605","512680.813368","3.011991","10.981738","519400.644378","1.310724","11.125679","517192.028591","-0.425224","11.078370","517379.995892","0.036344","11.082396","518977.717951","0.308810","11.116620","501825.701738","-3.304962","10.749220","503869.846136","0.407342","10.793006","505303.096806","0.284449","10.823706","500603.914282","-0.929973","10.723049","498160.339369","-0.488125","10.670707","494025.058748","-0.830110","10.582128","493038.230418","-0.199753","10.560990","503705.374748","2.163553","10.789483","502742.042330","-0.191249","10.768848","503399.927884","0.130859","10.782940","506242.933311","0.564761","10.843838","507934.639019","0.334169","10.880074","503987.325699","-0.777130","10.795522","510942.115835","1.379953","10.944495","475251.824565","-6.985193","10.180001","497596.437466","4.701636","10.658628","495270.342117","-0.467466","10.608802","493719.611884","-0.313108","10.575585"
"Hindustan Zinc Ltd.","Other non-ferrous metals & metal products","1","Zinc","1.610873","0.941293","3.820041","0.307280","-0.227790","-0.944733","2.034653","3.925845","0.322291","-4.699290","-0.203826","-0.612726","-0.339867","-0.380680","0.668737","0.355872","2.033097","0.223973","-2.450489","-1.058535","-0.183633","-2.327628","-1.097371","-6.135630","-1.905434","1.375899","-2.856383","-0.465711","2.733945","0.705483","0.079808","1.461988","-0.192123","-1.382448","1.712359","-4.605722","-0.886979","-4.410001","1.438085","1.455756","221575.728360","-1.641189","9.529233","223392.615530","0.819985","9.607371","226709.490945","1.484774","9.750019","228315.112165","0.708228","9.819071","224406.692090","-1.711853","9.650983","224068.666570","-0.150631","9.636446","223308.109150","-0.339431","9.603737","226878.503705","1.598865","9.757288","225040.489940","-0.810131","9.678241","223054.590010","-0.882463","9.592834","222991.210225","-0.028414","9.590108","220540.525205","-1.099005","9.484712","219019.410365","-0.689721","9.419294","220836.297535","0.829555","9.497433","225801.047360","2.248158","9.710950","226223.579260","0.187126","9.729122","224427.818685","-0.793799","9.651892","224765.844205","0.150617","9.666429","223794.020835","-0.432371","9.624634","222632.058110","-0.519211","9.574662","226772.870730","1.859935","9.752745","226434.845210","-0.149059","9.738207","227829.200480","0.615787","9.798174"
"Hyundai Motor India Ltd.","Passenger vehicles","1","Passenger Cars & Utility Vehicles","1.479974","-1.192735","0.954733","-0.222838","0.926027","2.919905","-1.520793","-1.304649","-0.550340","-0.976562","-2.372343","-0.089792","0.398809","3.233747","0.184262","1.747268","0.164815","1.571125","0.543478","-2.162162","-0.563111","-0.288492","3.536219","-0.972883","-0.987667","0.205837","-0.400295","2.596510","2.577187","2.009949","-2.728930","0.101281","-0.005059","-0.172013","0.795662","-1.005581","-1.356087","1.400474","-3.899665","0.681602","155869.759213","0.671740","7.696033","158502.392377","1.688995","7.826019","161971.942874","2.188958","7.997327","162865.738084","0.551821","8.041458","160923.764855","-1.192377","7.945573","155756.003459","-3.211310","7.690416","156511.666682","0.485158","7.727727","161281.282939","3.047451","7.963226","162053.196984","0.478614","8.001339","159233.679367","-1.739872","7.862126","162743.856919","2.204419","8.035440","164539.572750","1.103400","8.124103","161963.817463","-1.565432","7.996926","160257.481153","-1.053529","7.912676","159144.299846","-0.694620","7.857713","158087.996416","-0.663739","7.805558","158803.032584","0.452303","7.840863","158656.775186","-0.092100","7.833641","161256.906706","1.638841","7.962022","162662.602809","0.871712","8.031428","161931.315819","-0.449573","7.995321","163987.044802","1.269507","8.096822","177190.837677","8.051729","8.748756"
"I C I C I Bank Ltd.","Banking services","3","Private Sector Bank","0.585721","-1.534466","2.253656","-0.039078","-1.110242","0.126502","-2.060960","-0.378941","0.841696","-0.120385","0.530333","-0.823276","-0.282076","0.444516","1.729965","2.175117","-0.983124","-0.500352","-1.280742","-1.329195","-1.056707","1.255503","0.780998","0.830870","-0.942873","1.983683","1.435294","1.832521","1.807137","-0.984487","0.504670","0.187364","0.411430","0.312896","0.438173","-1.042591","2.637675","1.011939","0.007207","-0.893629","989815.500357","0.334497","2.841898","1004306.204160","1.463980","2.883503","1012484.126108","0.814286","2.906982","1023603.230511","1.098200","2.938907","1014885.067943","-0.855000","2.913876","990422.227188","-2.410405","2.843639","990493.965724","0.007243","2.843845","1005221.770322","1.484754","2.886131","1011176.195596","0.592349","2.903227","1009906.156202","-0.127705","2.899580","1016004.190107","0.603822","2.917088","1017452.430269","0.141223","2.921246","1036177.228203","1.840361","2.975008","1047625.036625","1.100879","3.007875","1049705.650654","0.198603","3.013849","1033634.700908","-1.530996","2.967707","1029258.236914","-0.423405","2.955142","1028056.126667","-0.118500","2.951690","1037239.683385","0.893293","2.978057","1026685.157768","-1.030643","2.947752","1031779.835305","0.496226","2.962380","1028909.594439","-0.278183","2.954139","1029985.934764","0.104610","2.957229"
"I T C Ltd.","Tobacco products","1","Diversified FMCG","-1.206732","0.112504","-0.240809","-1.062118","0.016265","-0.520410","-1.683832","1.247090","0.903268","0.732422","0.226208","0.048364","-0.886239","0.162575","-2.061354","0.745774","-0.756703","-0.563567","-1.729748","-2.527013","1.287323","-2.206531","1.191336","0.142704","-0.445315","0.196815","1.303571","-0.440684","0.956091","0.982112","1.302536","-0.308589","0.137575","0.463679","-0.427350","-0.429185","0.120690","-0.120544","0.241379","-1.289990","363730.462746","1.167451","5.729496","363229.284017","-0.137788","5.721601","363291.931358","0.017247","5.722588","361161.921759","-0.586308","5.689036","361788.395170","0.173461","5.698904","351639.525903","-2.805195","5.539039","353393.651455","0.498842","5.566670","353017.767408","-0.106364","5.560749","350386.579080","-0.745342","5.519303","345249.497105","-1.466118","5.438383","346627.738611","0.399202","5.460093","350010.695033","0.975962","5.513382","351702.173244","0.483265","5.540026","354208.066890","0.712504","5.579499","352078.057291","-0.601344","5.545947","351827.467926","-0.071174","5.542000","352453.941338","0.178063","5.551868","355147.777008","0.764309","5.594301","358154.849383","0.846710","5.641669","356651.313195","-0.419801","5.617985","358656.028112","0.562094","5.649563","357152.491925","-0.419214","5.625880","352078.057291","-1.420803","5.545947"
"Indian Hotels Co. Ltd.","Hotels & restaurants","1","Hotels & Resorts","1.234568","0.636943","2.832664","0.442843","0.590345","-1.745784","-4.067745","0.472888","2.008158","0.930483","-1.173333","0.647598","1.049406","-0.333535","-1.087618","2.045367","-0.964509","1.605417","-2.014378","-1.146351","2.303827","-0.808585","0.799939","-0.597083","-0.813564","2.215408","-0.127494","-1.524367","3.622083","1.530650","0.659564","0.676843","1.623516","2.012809","1.138324","-0.777626","0.200262","-0.668504","-1.887185","0.975886","102309.191316","0.672316","8.093115","102586.760600","0.271304","8.115072","103711.272059","1.096157","8.204026","105070.649836","1.310733","8.311558","106180.926973","1.056696","8.399386","102899.915690","-3.090019","8.139844","104116.950244","1.182736","8.236117","107084.806437","2.850502","8.470887","105127.587125","-1.827728","8.316062","104380.285206","-0.710852","8.256948","105789.483111","1.350061","8.368421","104116.950244","-1.581001","8.236117","103611.631803","-0.485337","8.196144","103205.953619","-0.391537","8.164053","104138.301727","0.903386","8.237806","103177.484974","-0.922635","8.161801","103063.610396","-0.110368","8.152793","103547.577353","0.469581","8.191077","104444.339656","0.866039","8.262015","104579.565718","0.129472","8.272712","105077.766997","0.476385","8.312121","106650.659608","1.496884","8.436544","105127.587125","-1.428095","8.316062"
"Indian Oil Corpn. Ltd.","Refinery","1","Refineries & Marketing","0.007030","-0.084353","4.270438","-0.890628","-1.497719","-2.985694","-1.937736","2.934980","-1.009246","-4.120918","-1.985425","2.420150","2.251852","1.803825","-0.754287","3.212160","-1.090656","1.095660","-2.570515","-1.026811","0.021614","-1.044443","1.142816","-0.496582","-1.923911","1.865782","-0.904945","-1.928697","4.991061","2.518802","0.429095","0.213631","0.474488","-1.834234","0.662344","-0.838066","2.186212","-1.647300","-3.273334","0.143699","197457.276309","0.322858","0.982894","199984.977980","1.280126","0.995476","199900.250550","-0.042367","0.995054","200069.705410","0.084770","0.995898","200775.767329","0.352908","0.999413","194350.603865","-3.200169","0.967430","195240.241883","0.457749","0.971858","196228.728570","0.506292","0.976779","197626.731170","0.712435","0.983737","193531.572039","-2.072169","0.963353","198036.247083","2.327618","0.985776","200239.160271","1.112379","0.996741","200083.826649","-0.077574","0.995968","201100.555812","0.508152","1.001029","202357.346028","0.624956","1.007285","200563.948754","-0.886253","0.998358","197584.367455","-1.485602","0.983527","195536.787889","-1.036306","0.973334","199843.765596","2.202643","0.994773","199504.855875","-0.169587","0.993086","197852.670984","-0.828143","0.984862","197612.609932","-0.121333","0.983667","197937.398415","0.164356","0.985284"
"Indian Railway Finance Corpn. Ltd.","Infrastructure finance services","2","Financial Institution","0.191920","1.350445","0.869401","0.028106","-0.693079","-2.782231","-3.608847","2.133655","-1.271186","-1.327478","-1.213838","-0.450543","-0.092574","1.070730","0.020373","2.301660","-1.164759","-0.090653","-1.693719","-1.271664","0.415498","-0.951691","0.323760","0.426817","-1.834767","1.383316","-1.260285","-1.550633","2.742955","1.241005","0.566543","2.878214","-0.308642","-0.619195","1.396845","-2.210109","-6.253167","-0.789189","-1.264030","-0.088290","119158.637708","0.717994","2.058447","118701.239998","-0.383856","2.050546","118361.458842","-0.286249","2.044676","117930.198144","-0.364359","2.037226","117512.005952","-0.354610","2.030002","114349.427500","-2.691281","1.975369","115159.674872","0.708571","1.989366","117485.868940","2.019973","2.029551","117289.841350","-0.166852","2.026164","115930.716726","-1.158774","2.002685","116139.812822","0.180363","2.006298","115538.661546","-0.517610","1.995913","115538.661546","0.000000","1.995913","115943.785232","0.350639","2.002911","115407.976486","-0.462128","1.993655","114205.673934","-1.041785","1.972886","113735.207718","-0.411946","1.964758","114506.249572","0.677927","1.978078","115172.743378","0.582059","1.989592","113892.029790","-1.111994","1.967467","116479.593978","2.271945","2.012167","116205.155352","-0.235611","2.007426","116505.730990","0.258659","2.012619"
"Infosys Ltd.","Computer software","1","Computers - Software & Consulting","-1.133864","0.830195","-0.925219","-0.385538","1.419111","-0.186567","-3.118097","-1.508375","-2.502003","2.191781","2.100089","4.761488","-0.267357","-1.047164","-0.567220","-0.510856","-0.068464","-0.667980","0.086214","3.583427","5.679834","-3.792886","-1.742189","-0.316324","-0.826722","-0.614685","-0.847242","-2.680520","0.161493","1.657112","0.766587","1.232949","-2.608621","-6.749446","1.331558","-3.388399","2.652288","-1.457505","-0.432194","-3.501495","399793.242120","-1.509396","5.126761","422353.380415","5.642951","5.416062","424909.655078","0.605245","5.448842","422880.865663","-0.477464","5.422826","434891.298999","2.840146","5.576842","433876.904292","-0.233252","5.563834","426370.383456","-1.730104","5.467574","433349.419044","1.636848","5.557070","447388.641796","3.239700","5.737102","443452.790331","-0.879739","5.686631","436717.209473","-1.518895","5.600257","439192.332559","0.566756","5.631997","444913.518709","1.302661","5.705362","441099.394609","-0.857273","5.656452","435581.087400","-1.251035","5.585688","426897.868704","-1.993479","5.474338","425040.847970","-0.446726","5.450508","422403.111182","-0.620584","5.416683","437945.467948","3.679508","5.615990","448699.317930","2.455523","5.753892","468949.020349","4.512978","6.013564","468746.117519","-0.043268","6.010962","458600.976027","-2.164315","5.880866"
"Interglobe Aviation Ltd.","Air transport services","1","Airline","-0.765953","-0.563063","6.648735","-0.294235","0.350574","-4.937316","-2.272410","1.287574","0.580384","0.803644","-0.908480","-1.061814","0.810817","3.245322","0.808540","1.426125","-0.468691","1.990716","-3.610503","1.096481","0.287427","1.029981","-0.073137","-0.609918","-2.713498","4.080556","-0.279884","-0.497249","4.604211","3.624435","-0.827801","0.793388","2.734503","0.193543","-0.007966","-1.188982","4.954247","4.662775","-2.473394","1.000903","208756.383170","0.570002","34.352842","210496.341911","0.833488","34.639169","209819.691290","-0.321455","34.527820","209123.707793","-0.331706","34.413289","208606.629081","-0.249607","34.328142","198127.964303","-5.023170","32.603782","202207.296901","2.058938","33.275073","205397.296326","1.577589","33.800017","202207.296901","-1.553087","33.275073","197509.297748","-2.323358","32.501974","199945.297309","1.233359","32.902841","203599.296650","1.827500","33.504140","202941.963435","-0.322856","33.395970","202187.963571","-0.371535","33.271892","205126.629708","1.453433","33.755476","197857.297685","-3.543827","32.559241","194241.965003","-1.827243","31.964305","192753.298604","-0.766398","31.719331","202226.630231","4.914744","33.278255","203792.629949","0.774379","33.535955","204024.629907","0.113841","33.574132","202245.963561","-0.871790","33.281436","199945.297309","-1.137559","32.902841"
"J S W Steel Ltd.","Steel","1","Iron & Steel","0.166074","-1.121112","1.668796","0.793214","-0.436341","-1.189545","-0.815777","1.804679","1.725626","-1.395636","1.094776","-0.587871","-0.155618","-0.148067","0.327792","0.303384","0.325733","1.213667","-2.390590","1.674491","0.877328","0.160208","-0.898774","-1.314273","-1.814642","0.079321","0.641991","0.984407","1.193169","-0.084772","-1.712302","1.012320","0.520510","-0.479171","-0.411587","-3.134747","-0.885526","-0.016244","0.113729","-0.486855","297416.111345","-0.831703","3.373995","299274.656359","0.624897","3.395079","300839.746897","0.522961","3.412834","304018.837053","1.056739","3.448899","304801.382322","0.828507","3.527252","298223.111154","-2.158216","3.451126","299763.747152","0.516605","3.468955","304556.836926","1.598956","3.524422","302600.473753","-0.642364","3.501782","305119.291338","0.832390","3.530931","300032.747089","-1.667067","3.472068","298589.929249","-0.480887","3.455371","302576.019213","1.334971","3.501499","307393.563526","1.592177","3.557250","309936.835651","0.827367","3.586681","309814.562953","-0.039451","3.585266","304899.200481","-1.586550","3.528384","303431.928101","-0.481232","3.511404","304361.200608","0.306254","3.522158","304923.655021","0.184798","3.528667","312186.653300","2.381907","3.612717","310768.289999","-0.454332","3.596303","310572.653682","-0.062952","3.594039"
"Jindal Steel Ltd.","Other ferrous metal products","1","Iron & Steel","3.131387","-0.015855","0.245798","-0.482480","-0.778890","-1.313682","-1.436688","2.355266","0.796524","-1.660281","-0.016234","-0.446501","-0.260948","-2.150274","1.094586","0.198364","0.874371","-0.188078","-1.097821","0.215374","-0.529013","0.656473","-1.164039","-1.328099","-2.116313","-0.553490","-2.504566","0.017840","2.425756","0.087070","-0.843845","-0.350939","-0.343370","0.512413","-0.501011","-4.363958","0.655829","-2.771405","0.811704","-0.748994","104946.663419","-2.952552","1.935720","106476.795565","1.458009","1.963943","107517.285424","0.977199","1.983135","108078.333877","0.521822","1.993483","105619.921563","-2.274658","1.948138","104201.999109","-1.342476","1.921985","105048.672229","0.812531","1.937602","107241.861638","2.087784","1.978055","104946.663419","-2.140207","1.935720","106099.362969","1.098367","1.956982","106313.581469","0.201904","1.960933","104865.056372","-1.362502","1.934215","104559.029942","-0.291829","1.928570","105405.703063","0.809756","1.944187","106568.603494","1.103261","1.965637","106599.206136","0.028716","1.966201","106282.978826","-0.296651","1.960368","105660.725087","-0.585469","1.948891","108710.788497","2.886658","2.005149","107558.088948","-1.060336","1.983888","111056.991120","3.253035","2.048424","111567.035169","0.459263","2.057832","112454.511813","0.795465","2.074201"
"Jio Financial Services Ltd.","Other fund based financial services","2","Investment Company","2.585542","-1.697397","1.605957","-0.562510","-0.669269","-3.613540","-4.102692","0.425218","1.157917","-0.457011","-0.184502","0.279414","0.595850","0.473005","1.022139","1.490407","-0.442624","0.922425","-1.622133","-1.673990","1.144924","-1.098300","0.302089","0.487826","-3.389759","2.337674","-1.724948","-0.934092","3.451452","1.538853","1.014529","0.425708","0.460943","0.143384","-0.437717","-2.288602","0.445734","0.234437","-1.136031","-0.114064","158482.002094","1.509897","4.749667","158297.114128","-0.116662","4.744126","158046.194747","-0.158512","4.736606","158475.398952","0.271569","4.749469","160502.563430","1.279167","4.810223","151865.654187","-5.381166","4.551377","154097.516056","1.469629","4.618265","159769.614710","3.680850","4.788257","159406.441921","-0.227310","4.777372","155814.332878","-2.253428","4.669718","156223.727659","0.262745","4.681987","155603.032346","-0.397312","4.663385","160443.135156","3.110545","4.808442","157762.259657","-1.670919","4.728097","158495.208377","0.464591","4.750063","155041.765308","-2.178894","4.646564","153958.850082","-0.698467","4.614109","154982.337033","0.664780","4.644783","155946.395710","0.622044","4.673676","156547.281598","0.385316","4.691684","164735.177211","5.230302","4.937073","163064.582380","-1.014109","4.887006","169344.170063","3.850982","5.075204"
"Kotak Mahindra Bank Ltd.","Banking services","3","Private Sector Bank","-3.039395","-0.080721","1.413761","0.743494","0.369004","0.065651","-1.325285","0.438830","1.469615","1.004697","1.227232","-2.514038","0.327268","-0.613257","0.866483","2.264740","-1.069110","0.012865","-1.157705","-1.769912","0.437202","0.514444","0.131234","-1.061599","-0.092728","1.219836","1.676709","1.352744","2.529554","0.607488","0.517560","-0.821380","-0.383189","-0.918228","0.726362","-0.124332","1.070584","0.751324","-3.300733","-0.821745","398315.968032","2.090504","2.856649","397172.096479","-0.287177","2.848445","394635.685645","-0.638618","2.830255","379268.020004","-3.894140","2.720041","379665.888370","0.104904","2.722894","368127.705753","-3.039036","2.640144","375140.135705","1.904891","2.690436","375587.737617","0.119316","2.693646","382600.167570","1.867055","2.743938","376657.194320","-1.559860","2.701315","376408.510050","-0.066024","2.699532","375165.088704","-0.330338","2.690614","387897.723293","3.566220","2.794890","380039.300382","-2.025901","2.738269","383918.774984","1.020809","2.766221","379144.037013","-1.243684","2.731818","381332.458583","0.577201","2.747586","382725.090491","0.365202","2.757620","382625.616783","-0.025991","2.756904","383272.195884","0.168985","2.761562","388146.407562","1.271736","2.796682","387350.617901","-0.205023","2.790948","388245.881270","0.231125","2.797399"
"Larsen & Toubro Ltd.","Industrial construction","1","Civil Construction","2.162431","-1.129048","-1.134542","0.361731","-1.205568","-0.863002","-2.124258","1.537664","0.628224","-0.796873","0.225122","0.081678","-0.262688","0.455161","0.918926","2.719910","0.109089","0.240230","0.716492","-1.611677","-0.246834","-1.192232","-0.280785","0.281576","-1.965496","0.647658","0.433267","-1.416720","4.849819","2.975823","0.398101","0.508790","-0.420657","0.463007","-0.192426","-0.521267","0.055032","0.829806","-1.214306","-0.523384","563030.923388","-1.226046","7.633241","558463.502517","-0.811220","7.571319","553951.110813","-0.808001","7.510142","555932.160830","0.357622","7.537000","549177.330566","-1.215046","7.445422","535447.553369","-2.500063","7.259282","534608.358571","-0.156728","7.247905","542835.219055","1.538857","7.359440","540455.207577","-0.438441","7.327173","529476.888737","-2.031310","7.178335","520562.163663","-1.683685","7.057475","519420.308446","-0.219350","7.041994","524771.894948","1.030300","7.114548","528114.916851","0.637043","7.159871","529187.985609","0.203188","7.174419","525170.856410","-0.759112","7.119957","521731.533465","-0.654896","7.073328","520796.037624","-0.179306","7.060646","523602.525147","0.538884","7.098694","527231.884155","0.683132","7.147896","540907.993050","2.593946","7.333309","541774.788684","0.160248","7.345060","541939.892615","0.030475","7.347298"
"Lodha Developers Ltd.","Housing construction","1","Residential, Commercial Projects","2.862234","-1.710697","4.554968","1.917505","-0.542720","-3.222118","-5.557942","-0.608404","-0.131579","-2.623589","0.917701","4.016322","-1.367406","0.426136","0.339463","2.266704","-0.347356","2.207591","1.564445","-4.807590","1.209406","-2.721841","0.290036","1.440318","-2.632903","1.952004","-2.916995","0.701856","3.600023","2.396308","1.856980","-2.468149","1.005684","-0.633117","0.925775","-1.715858","2.975570","1.023618","-0.833817","1.671013","99140.139197","3.878566","4.345109","100528.880440","1.400786","4.405975","105604.280088","5.048698","4.628419","109490.757378","3.680227","4.798756","110155.155167","0.606807","4.827875","111409.018663","1.138270","4.882829","119109.759025","6.909694","5.220332","121967.234265","2.399027","5.345569","119759.185216","-1.810362","5.248795","114623.722720","-4.288158","5.023718","116137.385304","1.320549","5.090059","117705.999335","1.350654","5.158808","118770.059171","0.903998","5.205444","118735.090068","-0.029443","5.203911","119789.158732","0.887748","5.250109","115998.891645","-3.165270","5.083987","114540.163119","-1.257537","5.020054","114310.363420","-0.200628","5.009982","119765.608453","4.772310","5.249074","130026.664588","8.567615","5.698795","131520.362633","1.148763","5.764260","128602.905582","-2.218255","5.636394","124286.667753","-3.356252","5.447223"
"Ltm Ltd.","Computer software","1","Computers - Software & Consulting","-1.566892","2.286625","0.400112","-1.529194","2.348235","0.055175","-4.788383","-1.385202","-4.067150","1.229529","2.676142","4.422520","-2.627621","-0.321023","-2.951788","0.918209","-0.531115","0.458392","1.830216","3.311503","3.469889","-6.656379","0.370124","-0.995649","-1.229142","0.558111","-1.395035","-3.022236","0.517661","1.383723","2.791247","-0.272044","0.055058","-4.139570","-0.060013","-1.613493","0.936737","-1.080527","-2.033169","-4.017797","105202.683919","0.245902","4.667881","109177.409620","3.778160","4.844241","111464.360005","2.094710","4.945713","110565.597403","-0.806323","4.905835","114451.336708","3.514420","5.078247","112538.129187","-1.671634","4.993357","114329.721966","1.591987","5.072850","119751.959714","4.742632","5.313437","122335.531420","2.157436","5.428071","120511.310296","-1.491162","5.347130","120149.432284","-0.300286","5.331073","120437.154966","0.239471","5.343839","120890.985587","0.376819","5.363976","121137.181283","0.203651","5.374900","120045.614822","-0.901099","5.326467","118126.474875","-1.598676","5.241314","117619.252416","-0.429389","5.218808","121371.512127","3.190175","5.385297","124308.063205","2.419473","5.515593","127820.059645","2.825236","5.671422","131186.711639","2.633900","5.820801","131741.393509","0.422819","5.845413","129389.186433","-1.785473","5.741044"
"Mahindra & Mahindra Ltd.","Diversified automobile","1","Passenger Cars & Utility Vehicles","0.290557","3.357476","2.803040","2.117668","-1.195597","-2.537233","-2.153486","-2.021411","1.995630","-1.600555","-1.261567","0.278886","0.966918","-0.743066","-0.571152","1.872586","-1.009876","0.460207","-2.434649","-2.475703","0.946064","0.426909","0.166052","0.808992","-2.450255","0.812542","-1.257483","1.639289","1.399580","3.003714","0.114858","-0.159342","0.114910","-1.967161","-0.370756","-0.851995","0.895532","3.840757","-2.803092","-0.782412","389224.524103","1.994265","4.988084","394870.144996","1.450479","5.060435","390082.558996","-0.173207","5.276576","398078.449380","2.049794","5.384734","397481.555541","-0.149944","5.376660","385804.819818","-2.937680","5.218711","383678.385517","-0.551168","5.189947","389149.912373","1.426071","5.263960","393004.851749","0.990605","5.316105","384660.773293","-2.123149","5.203236","383367.503309","-0.336211","5.185742","387707.418929","1.132051","5.244447","395342.685952","1.969337","5.347728","393639.051453","-0.430926","5.324684","398140.625821","1.143579","5.385576","394857.709707","-0.824562","5.341168","401622.506548","1.713224","5.432674","393129.204632","-2.114747","5.317787","402729.247208","2.441956","5.447645","406783.151197","1.006608","5.502481","400640.118772","-1.510149","5.419386","408337.562235","1.921286","5.523508","422613.273215","3.496056","5.716613"
"Maruti Suzuki India Ltd.","Passenger vehicles","1","Passenger Cars & Utility Vehicles","1.997897","-1.134021","2.204677","0.349803","-0.319535","-1.770363","-2.306608","-0.523838","-0.213692","1.116635","-1.550563","-0.460971","0.362766","0.053834","-0.176787","1.409101","0.288535","1.181102","-1.773421","-1.378838","0.587054","0.168945","0.153327","-0.107165","-1.057471","1.610905","-0.358232","0.191234","2.046114","3.284453","-0.825788","-0.445548","-1.071167","-0.660042","0.194102","0.223530","-1.509181","3.751510","-2.422699","5.241575","452582.505273","1.983705","4.172733","451104.813175","-0.326502","4.159109","451670.737808","0.125453","4.164326","454500.360974","0.626479","4.190415","457078.462081","0.567239","4.214185","438623.030987","-4.037694","4.044029","431611.853587","-1.598452","3.979387","435573.326020","0.917832","4.015911","430574.325093","-1.147683","3.969821","424097.632069","-1.504199","3.910107","427053.016264","0.696864","3.937355","433341.067744","1.472429","3.995330","433969.872892","0.145106","4.001127","424883.638504","-2.093748","3.917354","427493.179868","0.614178","3.941413","425858.286483","-0.382437","3.926340","421393.769932","-1.048357","3.885178","422619.939971","0.290980","3.896483","431674.734102","2.142538","3.979967","433938.432635","0.524399","4.000837","438528.710215","1.057818","4.043159","446074.371991","1.720677","4.112729","447520.623832","0.324218","4.126063"
"Max Healthcare Institute Ltd.","Health services","1","Hospital","1.862947","-1.097326","1.544305","-0.059061","-0.275781","2.513580","-1.950961","0.825391","2.285352","0.052403","0.804685","0.963582","0.650292","1.431626","-6.218495","-2.189103","-0.689414","-0.050304","-2.853692","-2.761372","1.092227","1.776115","0.067319","1.143656","3.090304","-0.431783","0.697837","-0.049500","0.282290","1.624772","-0.466518","0.200176","6.266140","0.394333","0.027404","-1.552441","0.338574","3.850421","2.363466","-1.795808","110940.059508","0.943104","12.177846","109723.504772","-1.096587","12.044306","112253.938623","2.483591","12.591100","110223.216853","-1.812034","12.361880","108850.901306","-1.245033","12.207970","105580.702554","-3.004292","11.841207","107186.603727","1.521018","12.021314","107848.429665","0.617452","12.095540","107663.507712","-0.171465","12.074800","106369.054039","-1.202314","11.929623","107322.862008","0.896697","12.036596","106884.888961","-0.408089","11.987476","106077.072008","-0.755782","11.896877","107293.663805","1.146894","12.033321","107099.009118","-0.181422","12.011490","105210.858648","-1.762995","11.799728","105522.306148","0.296022","11.834658","105152.462242","-0.350489","11.793179","108481.057399","3.165494","12.166491","107527.249430","-0.879239","12.059518","108169.609899","0.597393","12.131561","109473.796306","1.205687","12.277830","106914.087164","-2.338193","11.990750"
"Mazagon Dock Shipbuilders Ltd.","Other transport equipment & ancillaries","1","Ship Building & Allied Services","-4.448998","0.834737","0.421508","1.467196","-0.968956","-3.443345","-4.754852","3.056715","0.170737","-1.625178","-1.511000","-0.879597","0.619118","0.697350","0.582532","0.044551","-0.408874","-0.203244","0.057024","-1.359658","0.899674","-0.126795","0.139242","-0.903812","-1.407288","1.938049","-2.779945","-0.848961","2.666667","1.257209","1.106376","3.444922","-0.724808","-0.599866","0.913169","-1.377031","-0.546535","-0.822302","-1.039434","2.035311","102285.066600","1.566130","10.936234","103063.590000","0.761131","11.019473","102603.736800","-0.446184","10.970306","103825.978200","1.191225","11.100987","101780.841600","-1.969773","10.882323","98856.336600","-2.873335","10.569637","95714.006400","-3.178684","10.233662","97621.993800","1.993425","10.437662","96916.078800","-0.723111","10.362186","95193.646200","-1.777241","10.178025","95576.857200","0.402559","10.218998","95250.119400","-0.341859","10.184063","94503.866400","-0.783467","10.104275","94653.117000","0.157931","10.120232","94959.685800","0.323887","10.153011","93075.901200","-1.983773","9.951598","92733.028200","-0.368380","9.914938","92527.304400","-0.221845","9.892942","93999.641400","1.591246","10.050363","92607.980400","-1.480496","9.901568","93092.036400","0.522694","9.953323","93547.855800","0.489644","10.002059","96077.048400","2.703635","10.272478"
"Muthoot Finance Ltd.","Other asset financing services","2","Non Banking Financial Company (NBFC)","1.854448","-1.184161","2.530176","1.434797","-1.545630","-2.570206","-2.466407","4.562534","0.704426","-6.221857","-0.619074","0.385913","0.172539","-1.105974","0.733339","1.750235","-0.682685","-0.738406","1.088633","-2.886715","0.483613","-1.342693","-1.510114","-0.523709","-5.975072","0.890478","-3.085821","-0.303574","5.266436","3.875485","0.215183","0.748366","-0.257005","-1.769105","2.875788","-2.997512","0.330171","-3.332375","-0.145426","-0.791076","117024.046069","-2.749141","2.993821","118421.156366","1.193866","3.029563","122644.604733","3.566464","3.137611","125964.749030","2.707126","3.222550","125438.825326","-0.417517","3.209095","123784.775205","-1.318611","3.166780","122744.971852","-0.840009","3.140179","125635.544879","2.354942","3.214128","122789.133385","-2.265610","3.141309","121098.951101","-1.376492","3.098069","121090.921731","-0.006630","3.097863","120283.970094","-0.666401","3.077219","120019.000900","-0.220286","3.070440","119750.017021","-0.224118","3.063559","123612.143760","3.225158","3.162364","121869.770575","-1.409549","3.117789","120858.070015","-0.830149","3.091906","119906.589727","-0.787271","3.067565","121480.346153","1.312485","3.107826","121018.657405","-0.380052","3.096015","121159.171372","0.116109","3.099609","120789.820374","-0.304848","3.090160","125242.105773","3.685977","3.204063"
"N T P C Ltd.","Conventional electricity","1","Power Generation","0.225479","-0.349956","-0.953217","1.392934","0.449607","-2.287704","-0.063621","-0.572956","1.498271","-0.264951","-1.758381","0.283286","0.783256","-0.930055","-0.038580","0.360221","-0.089732","2.168335","-2.825568","-2.119411","-2.983892","-0.163310","-0.109051","-1.296397","0.207383","-1.862583","-1.124701","0.056875","0.582635","-1.638881","2.140190","0.000000","1.800028","1.063683","0.341717","-0.667484","-2.070762","-1.400364","1.150405","0.154451","347043.680936","0.350484","1.925799","347383.064251","0.097793","1.927683","345637.664346","-0.502442","1.917997","345443.731024","-0.056109","1.916921","343455.914466","-0.575439","1.905890","338122.748093","-1.552795","1.876296","333274.415026","-1.433897","1.849392","334098.631647","0.247309","1.853965","341080.231263","2.089682","1.892707","337589.431455","-1.023454","1.873336","333904.698324","-1.091484","1.852889","332062.331759","-0.551764","1.842666","331480.531791","-0.175208","1.839437","336716.731503","1.579640","1.868494","337977.298101","0.374370","1.875489","339868.147997","0.559461","1.885981","338025.781431","-0.542083","1.875758","336668.248172","-0.401606","1.868224","340159.047981","1.036866","1.887595","333322.898356","-2.009692","1.849661","333080.481703","-0.072727","1.848315","334389.531631","0.393013","1.855580","336716.731503","0.695955","1.868494"
"Nestle India Ltd.","Processed foods","1","Packaged Foods","-0.102838","1.420630","0.561646","-0.679631","0.433604","-0.033729","-0.897496","0.020428","-0.633127","-1.993697","0.083887","-0.020954","-0.789437","-0.957679","1.180235","-0.667557","1.061121","-0.076998","-0.420315","-2.089342","0.495761","-0.514764","-0.618038","0.238629","0.916174","0.822074","1.978162","-1.098519","-3.289982","-0.072690","1.236633","1.120931","-0.490301","1.028278","-0.911790","-0.691918","-0.689556","1.446550","-1.090831","1.290276","280338.335842","3.458582","44.608892","278872.816958","-0.522768","44.375691","281495.324434","0.940396","44.792998","284175.681338","0.952185","45.219510","283809.301618","-0.128927","45.161210","279701.992116","-1.447208","44.507634","282150.951302","0.875560","44.897325","280608.299846","-0.068343","56.866152","275170.453464","-1.937878","55.764155","275189.736607","0.007008","55.768063","274669.091741","-0.189195","55.662552","274495.543452","-0.063184","55.627382","275209.019750","0.259923","55.771971","278892.100102","1.338285","56.518358","279971.956121","0.387195","56.737195","288013.026835","2.872099","58.366743","279200.630393","-3.059721","56.580883","278352.172092","-0.303888","56.408940","278853.533815","0.180118","56.510543","287665.930258","3.160224","58.296403","289883.491726","0.770881","58.745798","293238.758642","1.157454","59.425754","291098.329747","-0.729927","58.991989"
"Oil & Natural Gas Corpn. Ltd.","Crude oil & natural gas","1","Oil Exploration & Production","-2.219997","-1.007170","-3.155717","1.103989","-1.655513","0.644699","4.804270","0.899830","1.261989","-0.515121","-0.718223","-0.235532","0.607083","-0.821321","-1.977353","-1.741379","0.894894","-4.678261","-3.156358","-0.414469","0.283768","1.018676","-0.074697","-1.046533","-0.037771","-2.134895","-2.741313","0.277888","-2.533650","-1.035743","1.867433","-1.289283","0.122449","0.387281","-0.324873","-0.448156","-1.780233","-2.875000","0.407550","0.363170","295623.981062","0.038314","0.847558","296844.268145","0.412784","0.851056","299209.360636","0.796745","0.857837","306833.009834","2.547931","0.879694","307185.257652","0.114801","0.880704","310732.896388","1.154886","0.890875","306518.502854","-1.356275","0.878792","308166.519430","0.537656","0.883517","312557.036873","1.424722","0.896105","313123.149437","0.181123","0.897728","310959.341414","-0.691041","0.891524","310418.389408","-0.173962","0.889973","311097.724485","0.218845","0.891921","313978.608423","0.926038","0.900181","314368.597079","0.124209","0.901299","316897.233199","0.804354","0.908548","317488.506322","0.186582","0.910243","312947.025528","-1.430439","0.897223","300115.140738","-4.100338","0.860434","300555.450511","0.146714","0.861696","299800.633758","-0.251141","0.859532","303926.965338","1.376359","0.871362","305109.511583","0.389089","0.874753"
"Pidilite Industries Ltd.","Other chemical products","1","Specialty Chemicals","-0.806862","-0.029313","4.200264","2.033064","1.765030","-2.628726","1.099360","-0.509291","2.642501","-1.085052","-1.192342","0.386154","-0.013738","1.181643","0.380228","-0.081169","0.088004","0.148799","0.141825","-1.726463","-0.178424","1.003712","0.129322","0.373870","-1.137749","1.507056","1.666892","-0.511118","2.448626","2.311951","0.012731","0.445519","0.183754","-0.075897","-0.487373","-0.349828","0.785090","1.139962","0.162805","-0.431358","161001.882300","-0.678094","14.005534","163393.654368","1.485555","14.213594","162640.500610","-0.460944","14.148078","164564.096018","1.182728","14.315411","165113.694706","0.333972","14.363221","159831.440650","-3.199162","13.903718","161866.991346","1.273561","14.080790","162691.389378","0.509306","14.152505","160882.120308","-1.113544","13.995116","158307.110728","-1.600557","13.771117","159670.949794","0.861515","13.889757","158734.582674","-0.586435","13.808302","159396.146400","0.416774","13.865852","159365.612690","-0.019156","13.863196","161960.978077","1.628560","14.088966","163721.755379","1.087161","14.242136","159202.766234","-2.045257","15.418960","159884.685767","0.428334","15.485005","163996.558773","2.571774","15.883244","164841.324762","0.515112","15.965060","165889.648821","0.635959","16.066592","165889.648821","0.000000","16.066592","164006.736677","-1.135039","15.884230"
"Power Finance Corpn. Ltd.","Infrastructure finance services","2","Financial Institution","-0.033452","1.929727","1.532064","-1.368829","0.830510","-2.785304","-1.739130","1.202632","1.221973","-1.262598","-3.578239","0.418799","-0.521316","0.384302","-0.104408","1.939380","-1.184780","-0.046115","-1.130334","-1.749883","-1.911660","0.859460","1.884301","1.719873","-0.775912","1.680672","-0.987144","-4.115465","1.813565","0.819380","0.706714","0.994152","-0.567458","0.395993","2.308585","-2.279170","1.438849","-1.018074","-1.895296","-0.035340","142151.883312","1.520151","1.335221","141920.876189","-0.162507","1.333052","140518.332941","-0.988257","1.319878","138967.285114","-1.103805","1.305309","136343.704214","-1.887913","1.280666","133192.107034","-2.311509","1.251063","133357.112122","0.123885","1.252613","134149.136544","0.593912","1.260052","133687.122298","-0.344403","1.255713","135023.663510","0.999753","1.268267","133868.627894","-0.855432","1.257417","132449.584138","-1.060027","1.244089","133604.619754","0.872057","1.254938","136574.711338","2.223046","1.282836","136904.721514","0.241633","1.285935","136063.195565","-0.614680","1.278031","135320.672669","-0.545719","1.271056","135931.191494","0.451164","1.276791","138637.274938","1.990774","1.302209","138571.272902","-0.047608","1.301589","140947.346170","1.714694","1.323907","140666.837520","-0.199017","1.321273","140039.818186","0.480938","1.331688"
"Power Grid Corpn. Of India Ltd.","Electricity transmission","1","Power - Transmission","0.219884","0.125372","-1.095633","-0.680487","0.047801","-0.971492","-1.479575","-1.567091","0.082919","1.358741","-3.040706","0.691283","0.435365","-0.116706","-1.752629","0.356779","-0.948028","2.597847","-3.198401","-1.514369","-1.397868","1.027822","-0.157867","0.368939","1.627866","-1.584568","0.525026","-0.191504","-0.645386","0.316011","-0.192510","0.420831","0.820674","1.229650","-0.855432","0.759275","-0.359651","-2.406325","0.827756","0.017467","267438.862815","0.436605","2.587962","268043.402064","0.226048","2.593812","267717.880930","-0.121443","2.590662","265439.232994","-0.851138","2.568612","264462.669593","-0.367905","2.559162","260137.888817","-1.635309","2.517312","261672.488448","0.589918","2.532162","263300.094116","0.622001","2.547912","265997.269223","1.024373","2.574012","266136.778281","0.052448","2.575362","261067.949199","-1.904595","2.526312","261114.452218","0.017813","2.526762","263718.621288","0.997329","2.551962","268508.432255","1.816258","2.598312","266648.311491","-0.692761","2.580312","269066.468484","0.906871","2.603712","269531.498675","0.172831","2.608212","268043.402064","-0.552105","2.593812","268647.941312","0.225538","2.599662","265346.226956","-1.229012","2.567712","263067.579020","-0.858745","2.545662","265718.251109","1.007601","2.571312","264369.663555","-0.507525","2.558262"
"Punjab National Bank","Banking services","3","Public Sector Bank","-0.621800","-0.726905","2.122532","-0.971138","-1.713867","-2.443118","-1.758746","-0.009730","1.800136","-2.456509","-2.508574","1.819278","0.908193","-0.293485","0.726060","3.506721","-0.329381","0.717590","-0.581232","-2.140500","0.298709","1.642809","-0.122873","1.116684","-1.066916","3.727178","-2.261742","-0.933097","3.494396","1.010479","0.009263","0.833565","0.652154","-0.739186","0.946952","-2.158470","0.260635","0.148547","-0.843608","-0.252431","123595.111904","0.796701","0.921720","122871.056478","-0.585829","0.916320","121078.157328","-1.459171","0.902950","119859.905342","-1.006170","0.893864","119285.258179","-0.479432","0.889579","116021.262290","-2.736294","0.865237","118883.005164","2.466568","0.886579","121147.114988","1.904486","0.903464","122215.958712","0.882269","0.911435","120675.904314","-1.260109","0.899950","121491.903286","0.676190","0.906035","120928.749066","-0.463532","0.901835","121560.860946","0.522714","0.906549","128445.133963","5.663232","0.957889","128812.908148","0.286328","0.960632","127261.360807","-1.204497","0.949061","126594.770097","-0.523797","0.944090","126859.107792","0.208806","0.946062","128284.232757","1.123392","0.956690","128318.711587","0.026877","0.956947","127663.613821","-0.510524","0.952061","128307.218644","0.504141","0.956861","129536.963574","0.958438","0.966032"
"R E C Ltd.","Infrastructure finance services","2","Financial Institution","-0.225797","0.820368","0.757576","0.181008","-0.097290","-2.184196","-2.048073","0.638885","0.504978","-0.703417","-3.513084","0.164819","-0.373972","0.210210","0.973929","1.558095","-1.344243","0.622038","-0.603474","-1.851029","-1.916113","0.184587","2.932596","2.595465","-0.145391","2.533489","-0.937234","-3.426032","3.324922","1.091797","1.335797","0.617024","-0.013937","-0.933928","4.080484","-2.149520","0.483559","0.274990","0.082271","-0.315112","97455.620240","1.731721","1.108944","97323.959040","-0.135099","1.107446","96152.174360","-1.204004","1.094112","96046.845400","-0.109544","1.092914","93808.605000","-2.330363","1.067445","91833.687000","-2.105263","1.044972","92689.484800","0.931900","1.054710","92676.318680","-0.014205","1.054560","92439.328520","-0.255718","1.051864","92807.979880","0.398804","1.056059","92610.488080","-0.212796","1.053811","92057.511040","-0.597100","1.047519","93505.784240","1.573227","1.063999","95717.692400","2.365531","1.089168","95335.874920","-0.398900","1.084823","94967.223560","-0.386687","1.080629","94387.914280","-0.610010","1.074037","95217.379840","0.878784","1.083475","96942.141560","1.811394","1.103101","97021.138280","0.081489","1.104000","98548.408200","1.574162","1.121379","98719.567760","0.173681","1.123326","98206.089080","0.613497","1.131898"
"Reliance Industries Ltd.","Refinery","1","Refineries & Marketing","2.257478","0.034174","-1.755944","-0.118228","-0.069628","-3.274805","-1.743265","-0.381232","0.220783","-1.865178","-0.037414","-0.988098","2.797309","-0.742811","0.363071","0.922850","-0.782736","-0.427634","-2.169567","-0.090827","-0.409091","-0.106496","-0.723424","-0.513922","-2.145624","0.467031","-0.819414","0.333651","2.375297","1.082753","1.667942","0.293498","-0.345164","-1.400497","1.298205","-1.281568","0.313097","0.342570","-1.297322","-0.545734","1770056.064838","1.089729","3.097818","1763966.422413","-0.344037","3.087160","1764643.049349","0.038358","3.088345","1788054.341338","1.326687","3.129317","1770597.366386","-0.976311","3.098765","1726616.615540","-2.483950","3.021794","1731894.305642","0.305667","3.031030","1769785.414063","2.187842","3.097344","1755034.946856","-0.833461","3.071529","1749757.256755","-0.300717","3.062293","1753140.391435","0.193349","3.068213","1754628.970695","0.084909","3.070819","1796038.539184","2.360019","3.143291","1790490.198308","-0.308921","3.133580","1764237.073187","-1.466253","3.087634","1743802.939717","-1.158242","3.051872","1721609.576213","-1.272699","3.013031","1729458.448672","0.455903","3.026767","1732164.956416","0.156495","3.031504","1715519.933788","-0.960938","3.002373","1726616.615540","0.646841","3.021794","1749621.931367","1.332393","3.062056","1769785.414063","1.152448","3.097344"
"S B I Life Insurance Co. Ltd.","Insurance services","2","Life Insurance","0.060473","0.060436","2.075555","0.710059","-0.005341","0.657016","-2.679898","0.196303","1.589116","-0.117855","-0.219898","1.128790","-0.914213","-0.230662","0.580676","1.667825","-0.983227","-0.992991","-1.844999","-0.961696","-0.595862","-0.971305","-1.081717","1.014222","-1.032084","0.266380","-2.283647","-0.555331","-0.762027","3.135991","0.460358","1.470921","0.780553","-0.409383","0.294412","-1.068956","-1.035718","-1.289812","0.601754","0.586761","179670.347234","1.427196","","179018.240887","-0.362946","","179449.634317","0.240977","","179349.310263","-0.055907","","183827.522192","2.494826","","179483.401845","-2.363150","","182764.065478","1.827837","","186897.501004","2.261624","","186195.218269","-0.375758","","184630.131032","-0.840563","","187248.642372","1.418247","","182804.195921","-2.373553","","183536.576487","0.400637","","183044.978572","-0.267847","","183386.087330","0.186352","","181259.173903","-1.159801","","185954.435617","2.590358","","186466.098753","0.275155","","187288.772814","0.441192","","189526.044955","1.194558","","190107.936364","0.307025","","188362.262137","-0.918254","","188813.729610","0.239680",""
"Samvardhana Motherson Intl. Ltd.","Other automobile ancillaries","1","Auto Components & Equipments","-0.825014","0.024956","5.963074","2.370301","1.226712","-1.310308","-4.635457","1.657814","-0.166244","3.021172","-0.900554","2.128155","0.517150","3.654385","-0.598540","-0.198267","-0.066220","4.852010","2.338319","-2.724029","2.200748","0.496929","-0.892796","-0.519715","-3.169407","3.632832","-1.284187","-1.033683","1.890010","3.291492","-0.351067","-1.693767","-0.289456","0.594415","0.213000","-1.535824","0.675440","4.931526","-0.758025","-1.627258","155688.582807","-0.405104","4.031931","155773.018348","0.054234","4.034118","154411.495253","-0.874043","3.998858","153387.714320","-0.663021","3.972345","151319.043571","-1.348655","3.918771","148448.235183","-1.897189","3.844425","150717.440342","1.528617","3.903191","151129.063604","0.273109","3.913851","152047.300110","0.607584","3.937631","149936.411590","-1.214772","3.909681","149989.183803","0.035196","3.911057","151614.567963","1.083668","3.953440","152163.398979","0.361991","3.967751","151192.390259","-0.638136","3.942431","153271.615452","1.375218","3.996648","151561.795750","-1.115549","3.952064","153641.020943","1.371866","4.006281","153619.912058","-0.013739","4.005730","157229.531427","2.349708","4.099853","156057.988298","-0.745116","4.069304","154094.861975","-1.257947","4.018115","154854.781842","0.493151","4.037930","159108.222210","2.746728","4.148841"
"Shree Cement Ltd.","Cement","1","Cement & Cement Products","2.252532","0.424414","0.523244","2.482482","-0.625122","-0.904266","-1.368776","0.543041","0.120024","-0.219780","-1.982379","-0.204290","-0.020471","0.757576","0.731559","2.299778","-0.690199","0.873709","-0.492126","-0.850643","-0.259377","-0.880176","-1.170535","-1.633653","-2.283579","-0.509879","1.857783","-0.628931","2.004219","2.688728","0.181269","0.402091","1.762115","-1.318379","-0.319043","0.160032","4.134212","-1.285002","-2.292598","0.417578","93521.298816","2.653465","4.075075","94603.721256","1.157407","4.122240","96570.122022","2.078566","4.207924","96083.031924","-0.504390","4.186699","96371.677908","0.300413","4.199277","93485.218068","-2.995133","4.073503","94874.326866","1.485913","4.134031","96028.910802","1.216961","4.184341","95325.336216","-0.732670","4.153684","94820.205744","-0.529902","4.131673","97147.413990","2.454338","4.233078","97418.019600","0.278552","4.244870","95668.103322","-1.537037","4.215007","96876.808380","1.263436","4.268261","98301.997926","1.471136","4.331053","96407.758656","-1.926959","4.247595","96786.606510","0.392964","4.264287","96479.920152","-0.316869","4.250775","96912.889128","0.448766","4.269851","96967.010250","0.055845","4.272235","96786.606510","-0.186047","4.264287","95451.618834","-1.379310","4.205469","94008.388914","-1.512002","4.141882"
"Shriram Finance Ltd.","Auto finance services","2","Non Banking Financial Company (NBFC)","2.464394","0.411266","4.116549","1.150284","-0.777827","-3.155545","-4.662124","-1.064001","1.580577","0.299433","-0.447809","-0.680090","-0.420553","-0.942119","2.869637","2.226355","-1.018764","1.160531","-1.666321","-2.966795","-0.799739","0.137107","0.312175","0.818956","-2.886386","1.678470","-1.573983","-1.236976","7.751763","4.785591","0.509669","0.174000","-0.476427","-0.079785","-0.903284","0.050360","2.582171","1.256133","0.082380","0.919963","246609.034566","0.570935","2.293602","250985.456704","1.774640","2.334306","250256.053014","0.271867","2.358489","249950.174047","-0.122226","2.355606","251012.539473","0.423609","2.365615","238683.089652","-4.911886","2.249419","242753.690452","1.705442","2.287782","245671.346516","1.201900","2.315278","246612.525892","0.383105","2.324148","238565.442230","-3.263047","2.248310","243247.809624","1.962718","2.292438","241036.038091","-0.909267","2.271594","243506.633952","1.024990","2.294878","243624.281374","0.048314","2.295986","249765.476800","2.520765","2.353863","249130.180721","-0.254357","2.347875","241365.450873","-3.116736","2.274698","236494.847604","-2.017937","2.228796","244283.106937","3.293205","2.302195","244918.403016","0.260065","2.308182","245812.523422","0.365069","2.316609","241694.863654","-1.675122","2.277803","246283.113110","1.898364","2.321044"
"Siemens Energy India Ltd.","Diversified","1","Heavy Electrical Equipment","1.277907","-0.701659","-3.384485","-1.453324","1.391941","-0.797939","-3.236430","1.865427","-0.250594","-0.602293","-0.823045","3.358709","9.359886","3.321193","-1.852007","1.462247","-2.725025","8.765090","2.814583","-3.995248","-2.531339","1.747026","0.387891","-1.432084","-4.026974","1.328192","-3.458774","-0.359145","5.696703","-1.552580","1.633389","4.885145","-0.047554","1.334778","0.772060","-1.809240","-1.800401","-1.060317","-2.764664","2.773515","129620.741410","-1.181006","24.150218","126404.973250","-2.480906","23.551074","116860.943716","-7.550359","21.772883","121803.896325","4.229773","22.693827","119973.436929","-1.502792","22.352786","119610.194014","-0.302769","22.285108","122434.229619","2.361033","22.811267","125600.140908","2.585806","23.401122","121234.103517","-3.476141","22.587666","120710.606375","-0.431807","22.490131","124549.585419","3.180316","23.205388","121269.715568","-2.633385","22.594301","120564.596968","-0.581447","22.462928","120877.983012","0.259932","22.521316","120133.691157","-0.615738","22.382644","120133.691157","0.000000","22.382644","118474.169603","-1.381396","22.073451","115390.166030","-2.603102","21.498856","116259.100062","0.753040","21.660751","113278.371435","-2.563867","21.105398","112915.128520","-0.320664","21.037721","111170.138046","-1.545400","20.712604","115055.412755","3.494891","21.436487"
"Siemens Ltd.","Diversified machinery","1","Heavy Electrical Equipment","0.680111","0.326022","-0.124786","0.773075","-1.263076","-5.676765","-0.865321","-1.180618","4.575052","-2.866966","-1.471613","0.446946","4.097553","0.654691","2.448530","-3.783089","0.264485","5.479713","-0.894630","-3.452133","0.495783","-0.538917","-0.611926","0.377010","-2.075227","-0.115894","-1.024919","-1.694253","1.351505","0.902062","0.974513","2.433391","0.558329","0.357696","0.218108","-2.173682","-3.375024","1.864383","-1.510516","0.750049","126803.828215","-1.088919","8.103662","127505.385610","0.553262","8.148496","125934.894183","-1.231706","8.048131","127191.999566","0.998218","8.128469","124464.116497","-2.144697","7.954138","122722.687228","-1.399142","7.842848","123801.732358","0.879255","7.911806","124517.534573","0.578184","7.957551","123851.589229","-0.534821","7.914993","125008.980870","0.934499","7.988958","127199.121976","1.751987","8.128924","130254.635909","2.402150","8.324193","130297.370369","0.032808","8.326924","130995.366559","0.535695","8.371531","130617.878824","-0.288169","8.347406","129962.617095","-0.501663","8.305531","131276.701758","1.011125","8.389510","131401.343935","0.094946","8.397475","132405.603759","0.764269","8.461655","131087.957890","-0.995159","8.377448","130012.473965","-0.331432","8.663629","130297.370369","0.219130","8.682613","133901.309880","2.765934","8.922768"
"Solar Industries India Ltd.","Other chemical products","1","Explosives","0.129542","2.496927","-0.662670","0.933926","1.372191","0.981062","-4.168973","1.296118","5.561538","3.894389","4.071849","0.538321","0.518878","0.999451","-1.413658","1.351202","0.555042","0.941609","-2.176594","-0.241136","1.005329","1.038834","-1.528772","0.809053","-1.773223","0.844651","-3.120381","-3.141775","0.011668","0.781660","-2.187880","3.301971","1.758607","1.621256","2.154886","-1.160458","-1.991551","-2.440663","2.123020","5.045511","168401.992355","-0.459991","36.727375","168845.393624","0.263299","36.824078","167533.287827","-0.777105","36.537916","167759.512964","0.135033","36.587254","165307.232474","-1.461783","36.052428","162619.677840","-1.625794","35.466290","157271.715590","-3.288632","34.299934","165017.664298","4.925201","35.989275","164293.743858","-0.438693","35.831393","165479.163578","0.721525","36.089925","165461.065567","-0.010937","36.085978","166501.701200","0.628931","36.312934","167107.984568","0.364130","36.445160","172184.476654","3.037851","37.552310","172338.309747","0.089342","37.585860","170628.047708","-0.992386","37.212863","168501.531415","-1.246288","36.749084","167352.307717","-0.682026","36.498446","168564.874454","0.724559","36.762898","165090.056342","-2.002362","36.804043","163606.019440","-0.898926","36.473202","163361.696292","-0.149336","36.418734","166420.260150","1.872265","37.100590"
"State Bank Of India","Banking services","3","Public Sector Bank","-0.004680","-0.795582","3.405982","-0.364964","-6.657509","-4.483469","0.102712","-0.461728","1.010205","0.066333","-2.470930","1.000639","0.221332","0.000000","-0.178778","2.149178","-0.113449","-0.072277","-0.351312","-1.068022","0.267268","1.442534","0.906796","-0.158284","0.434694","2.113142","0.054852","-0.254174","1.643849","0.363761","-0.543665","1.103122","1.578178","-0.728877","0.545841","-1.590199","1.015427","1.043882","-0.889612","-0.887945","966814.885958","1.996300","1.876789","970691.745344","0.400993","1.884315","959984.228944","-1.103081","1.863529","957861.186899","-0.221154","1.859408","958230.411603","0.038547","1.860124","938661.502320","-2.042192","1.822137","943461.423465","0.511358","1.831455","956291.981910","1.359945","1.856362","957215.043668","0.096525","1.858153","937276.909682","-2.082932","1.819449","950845.917534","1.447705","1.845790","951861.285468","0.106786","1.847761","963953.394506","1.270365","1.871234","978445.464116","1.503399","1.899366","964045.700682","-1.471698","1.871413","946138.302565","-1.857526","1.836651","934692.336758","-1.209756","1.814432","936907.684979","0.237014","1.818733","942076.830827","0.551724","1.828767","935246.173814","-0.725064","1.815507","935707.704693","0.049349","1.816403","946415.221093","1.144323","1.837189","948353.650786","0.204818","1.840952"
"Sun Pharmaceutical Inds. Ltd.","Drugs & pharmaceuticals","1","Pharmaceuticals","0.840568","-0.148067","1.614675","-0.853962","0.735935","1.342064","-1.441769","-1.132362","2.104340","0.805067","1.469492","-1.233078","-0.106253","0.585013","-2.469201","-0.216849","0.010866","0.190135","-2.445372","-0.150067","-0.367381","-0.078217","-0.469667","0.117971","0.370329","-0.547853","0.415964","0.436632","0.752424","-0.094042","-0.293466","1.094019","0.241705","0.739807","1.338193","0.273767","0.342612","-0.618865","0.644192","-0.656070","447763.892101","0.198658","19.065222","448915.572887","0.257207","19.114259","457025.325086","1.806521","19.459562","458944.793062","0.419992","19.541290","456689.418190","-0.230029","20.492000","453042.429035","-0.798571","20.328357","465159.070634","2.674505","20.872039","464391.283443","-0.165059","20.837588","461008.221136","-0.728494","20.685788","466094.811272","1.103362","20.914027","468230.219395","0.458149","21.009844","467894.312500","-0.071740","20.994772","463695.476302","-0.897390","20.806367","469405.893531","1.231502","21.062598","470725.527764","0.281129","21.121811","466190.784671","-0.963352","20.918333","468830.053138","0.566135","21.036759","465734.911027","-0.660184","20.897878","473556.743029","1.679460","21.248849","474276.543520","0.151999","21.281147","477443.665680","0.667780","21.423258","480130.920847","0.562842","21.543838","477587.625778","-0.529709","21.429718"
"T V S Motor Co. Ltd.","Two & three wheelers","1","2/3 Wheelers","0.074437","1.112859","2.362494","2.454463","-0.310249","-2.205564","-1.458339","-0.949172","-1.882513","0.173370","-5.070959","-0.230933","2.390814","0.559208","1.088532","1.521580","-0.420810","-2.034791","-0.853868","-0.336740","0.672766","-1.485046","1.374778","0.636431","-1.959278","1.217748","-0.687909","-1.424331","0.772647","4.428278","-0.693742","0.384224","0.258068","-0.425150","1.330274","-0.931579","-0.451363","3.752253","-3.162731","0.109928","165995.437632","0.965151","13.377817","172304.594506","3.800801","13.886282","172333.099732","0.016544","13.888579","176019.775737","2.139273","14.185694","176385.592815","0.207827","14.215175","172917.456883","-1.966224","13.935673","172271.338408","-0.373657","13.883602","172128.812273","-0.082734","13.872115","174684.780947","1.484916","14.078105","171430.434216","-1.862982","13.815832","171615.718190","0.108081","13.830764","169297.293074","-1.350940","13.643919","171896.019587","1.535008","13.853354","170565.775668","-0.773865","13.746148","180153.033629","5.620857","14.518799","185645.040667","3.048523","14.961408","186224.646946","0.312212","15.008119","183868.214860","-1.265371","14.818211","184162.768871","0.160198","14.841950","189726.038976","3.020844","15.290302","193626.504182","2.055841","15.604646","199935.661056","3.258416","16.113110","204909.823139","2.487881","16.513985"
"Tata Capital Ltd.","Other fund based financial services","2","Non Banking Financial Company (NBFC)","-1.470809","-1.051028","1.139163","-0.821918","-1.258441","-2.098228","-1.746309","-1.324931","1.473719","-0.613200","-1.623640","-0.066017","-0.710157","-0.931470","0.638012","3.286620","2.406719","-2.082019","-1.449742","-1.618176","-0.066456","2.776392","0.679392","1.156812","-0.714740","3.295473","-0.480099","0.015562","1.462580","4.493176","-0.469621","-0.589797","2.477010","6.180344","-2.985278","-0.955459","0.453965","2.711481","1.498694","-0.866974","153473.240033","-1.188849","3.957861","151244.683788","-1.452081","3.900390","148315.724153","-1.936570","3.824856","148634.089331","0.214654","3.833066","149674.082245","0.699700","3.859886","146978.590406","-1.800908","3.790373","151053.664682","2.772563","3.895464","153069.977474","1.334832","3.947462","153218.547891","0.097060","3.951293","151074.889027","-1.399086","3.896011","151796.516763","0.477662","3.914621","148294.499808","-2.307047","3.824309","150353.261291","1.388293","3.877402","149843.877006","-0.338792","3.864265","148803.884092","-0.694051","3.837445","147445.526000","-0.912851","3.802415","144941.053268","-1.698575","3.737828","145132.072375","0.131791","3.742754","148803.884092","2.696695","3.861540","150671.626468","1.255170","3.910008","153579.361759","1.929849","3.985466","153197.323545","-0.248756","3.975552","155107.514612","1.246883","4.025122"
"Tata Consultancy Services Ltd.","Computer software","1","Computers - Software & Consulting","-1.721977","-0.164521","0.333704","-1.396075","-0.291497","-0.062646","-3.869781","-1.195496","-1.179162","0.801425","0.848057","1.922740","0.012892","-0.008593","-0.425404","0.945065","-1.386362","0.351463","-1.107609","1.704369","6.507356","-8.386121","-0.031226","-1.878626","-2.160171","-0.018593","0.134821","-0.849622","1.208091","0.027760","1.711378","1.091405","-0.886190","-3.553760","0.131765","-3.205188","2.398524","-0.678046","0.152767","-3.165070","717322.031319","-2.407088","8.235451","748256.679598","4.312519","8.590606","757446.621893","1.228180","8.696115","744457.687704","-1.714832","8.546991","758387.324648","1.871112","8.706915","744421.506828","-1.841515","8.546575","741527.036814","-0.388821","8.513345","748582.307474","0.951452","8.594345","789285.792052","5.437409","9.061655","796196.339211","0.875544","9.140993","792071.719441","0.027265","9.570704","796341.062712","0.539010","9.622291","820944.057834","3.089505","9.919572","814467.681177","-0.788894","9.841317","803613.418623","-1.332682","9.710163","798982.266600","-0.576291","9.654205","811500.849412","1.566816","9.805468","815625.469183","0.508271","9.855307","830568.170632","1.832054","10.035861","867617.386816","4.460707","10.483532","885201.292154","2.026689","10.696000","879846.522627","-0.604921","10.631298","855894.783258","-2.722263","10.341886"
"Tata Consumer Products Ltd.","Tea","1","Tea & Coffee","1.380395","-0.594623","-0.112700","-0.043395","2.127290","8.059854","-1.416208","-1.436552","-0.542510","0.464056","-0.243112","-1.632819","-0.181683","-1.141723","-0.259436","0.453096","0.033693","1.431458","-2.174996","-2.978615","0.997114","-0.926648","0.463287","-1.600975","-2.113361","-0.045167","0.135563","0.054152","-0.712610","-0.027255","2.771719","-0.565921","-1.164962","0.008998","0.125956","-0.817684","-0.516398","3.023404","-1.635287","-3.342919","107960.402286","1.422462","6.158780","109574.264790","1.494179","6.250842","110514.434150","0.858020","6.304476","110633.192385","0.107459","6.311251","111335.845275","0.635119","6.351335","107852.270383","-3.128889","6.152608","109524.782192","1.550743","6.248019","110039.401210","0.469865","6.277377","108723.164106","-1.196151","6.202290","108624.198910","-0.091025","6.196644","107426.720041","-1.102405","6.128332","107723.615628","0.276370","6.145269","107733.512148","0.009187","6.145834","108060.097294","0.303142","6.164464","107030.859258","-0.952468","6.105750","108356.992881","1.239020","6.181401","109623.747388","1.169057","6.253665","107674.133030","-1.778460","6.142446","109594.057829","1.783088","6.251971","107090.238375","-2.284631","6.109137","108475.751116","1.293781","6.188176","108291.881113","-0.173342","6.177687","107193.325200","-1.014440","6.115018"
"Tata Motors Ltd.","Commercial vehicles","1","Commercial Vehicles","0.731886","-1.537903","5.706555","1.000582","-0.702684","-4.640371","-5.827251","-0.723421","-1.249187","-0.395309","0.489483","-0.302791","0.277301","0.052673","0.802843","3.316360","-2.666498","-0.324591","-1.133255","-1.383399","-0.988644","0.917555","-0.093595","-1.191113","-1.665989","0.082645","0.440407","-1.795012","10.032092","4.176275","0.024594","-0.958938","1.055114","-1.216067","1.554340","-2.032570","2.837145","4.982985","-2.037509","-0.035453","158880.986093","2.009694","11.808762","162213.638600","2.097578","12.056460","159083.522986","-1.929625","11.823815","158310.200304","-0.486111","11.766338","156505.780715","-1.139800","11.632226","153467.727325","-1.941176","11.406424","154609.298902","0.743851","11.491270","155585.158475","0.631178","11.563801","154949.615291","-0.414201","11.516530","153715.910689","-0.796197","11.424836","155980.771376","1.473407","11.593170","151929.801042","-2.597096","11.292084","152703.168105","0.509029","11.349564","150751.336944","-1.278186","11.204496","151635.185017","0.586295","11.270187","149315.083826","-1.530055","11.097747","150217.345400","0.604267","11.164807","149572.872847","-0.429027","11.116907","151395.809497","1.218762","11.252396","153458.121668","1.362199","11.405676","151506.290507","-1.271898","11.260607","152813.649114","0.862907","11.357776","160860.349279","5.265695","11.955842"
"Tata Motors Passenger Vehicles Ltd.","Passenger vehicles","1","Passenger Cars & Utility Vehicles","0.439174","-0.845358","5.291783","0.307134","-1.057759","-2.658602","-2.644509","0.000000","0.564049","5.254613","-0.953583","2.279485","0.013843","0.027682","0.553480","2.724646","3.308774","3.980809","-1.758324","-2.284844","1.376981","2.037417","0.389301","-0.475357","-2.212167","-0.308483","-1.753481","-1.338583","3.750998","1.641026","-0.706357","-8.295224","1.025073","-0.589606","0.556328","-1.922545","-1.367931","1.000858","-2.307475","2.072163","128080.233332","-1.249290","5.352345","127398.955495","-0.531915","5.323875","126717.677658","-0.534759","5.295406","127804.039614","0.857309","5.340804","126054.812735","-1.368679","5.267705","122280.165261","-2.994449","5.109966","122077.623201","-0.165638","5.101502","124452.889173","1.945701","5.200762","126036.399821","1.272378","5.266936","122758.901038","-2.600438","5.129972","122630.010637","-0.104995","5.124586","122188.100688","-0.360360","5.106119","123587.482191","1.145268","5.164598","123900.501738","0.253278","5.177679","122924.617269","-0.787636","5.136897","120678.241699","-1.827442","5.043024","119426.163512","-1.037534","4.990700","119242.034367","-0.154178","4.983006","120659.828784","1.189006","5.042254","119462.989341","-0.991912","4.992239","121451.584108","1.664612","5.075341","123082.235400","1.334142","5.143471","125126.240207","1.660682","5.228888"
"Tata Power Co. Ltd.","Conventional electricity","1","Integrated Power Utilities","-0.708582","0.283190","0.135547","-0.902425","-0.739898","-0.642202","-3.416436","-3.334130","0.840648","-0.208410","-0.651106","2.633857","-0.361446","-0.725514","-0.389769","1.137197","1.789385","1.152156","-1.186003","-0.297089","-1.096544","-0.759219","-0.230723","-0.389484","-1.221896","-1.373083","-0.978302","-1.139962","0.845612","2.680727","-0.457807","-0.186451","0.348692","-0.136510","0.894743","-1.268629","-1.305549","-1.055711","-0.629901","-0.258732","119969.023292","-2.607004","6.704221","120272.580549","0.253030","6.721185","119889.139803","-0.318810","6.699757","120640.044597","0.626333","6.741720","120528.207713","-0.092703","6.735470","118898.584544","-1.352068","6.644402","119984.999990","0.913733","6.705114","121838.296927","1.544607","6.808682","120735.904783","-0.904799","6.747077","120687.974690","-0.039698","6.744398","121710.483345","0.847233","6.801539","120496.254317","-0.997637","6.733685","120544.184411","0.039777","6.736363","122796.898791","1.868787","6.862251","121886.227020","-0.741608","6.811360","120959.578552","-0.760257","6.759576","120192.697060","-0.633998","6.716721","119633.512640","-0.465240","6.685472","120576.137806","0.787927","6.738149","118658.934078","-1.590036","6.631010","120544.184411","1.588798","6.736363","120128.790269","-0.344599","6.713150","121646.576554","1.263466","6.797968"
"Tata Steel Ltd.","Steel","1","Iron & Steel","0.416351","-0.433472","1.963846","0.751845","-1.197660","-1.123596","-0.037722","3.594340","0.687551","-1.940035","-3.288139","-0.200277","-1.089397","0.758417","0.292454","0.492375","0.118923","2.009788","-3.111318","1.225844","0.014247","0.612536","-0.622965","-1.804626","-1.958698","0.226914","-1.904715","-0.677337","1.970095","-0.293137","-0.648824","1.535714","0.758756","-0.777977","0.005026","-2.719003","-1.756561","-0.762516","0.455726","-0.796540","231157.553545","-1.536744","1.711324","234278.436430","1.350111","1.734429","236937.428648","1.134971","1.754114","238273.166523","0.563751","1.764003","236924.945117","-0.565830","1.754022","234940.063602","-0.837768","1.739327","234578.041187","-0.154091","1.736647","238672.639532","1.745516","1.766961","233579.358664","-2.134003","1.729254","235027.448322","0.619956","1.739974","231269.905329","-1.598768","1.712156","231557.026554","0.124150","1.714282","232056.367816","0.215645","1.717979","232705.511456","0.279735","1.722784","233741.644574","0.445255","1.730455","232855.313834","-0.379192","1.723893","229984.101580","-1.233046","1.702637","228036.670659","-0.846768","1.688220","230009.068643","0.864948","1.702822","227986.736533","-0.879240","1.687850","233779.095168","2.540656","1.730732","233342.171564","-0.186896","1.727498","236800.109801","1.481917","1.753098"
"Tech Mahindra Ltd.","Computer software","1","Computers - Software & Consulting","-0.128945","-1.318293","0.998485","-1.261335","1.021958","-0.382775","-4.425690","-1.285089","-2.298182","2.017270","4.341481","2.594406","-1.915343","-1.320361","0.154930","0.935171","1.616162","-0.212518","1.944215","3.996226","1.827372","-6.306478","1.018814","-0.255497","1.341422","-1.303712","-0.330233","-0.933126","-2.450345","-0.251889","1.487093","1.078242","-1.005197","-2.631761","1.816118","-1.365663","3.249506","-1.676245","-0.229629","-2.029572","133503.495039","-3.025557","5.839966","139295.637571","4.338570","6.093337","138197.972658","1.744881","7.148620","137845.151793","-0.255301","7.130369","141863.389420","2.915037","7.338222","140030.681039","-1.291883","7.243421","139785.666550","-0.174972","7.230747","142578.831730","1.998177","7.375230","147449.719781","3.416277","7.627188","145470.002706","-1.342639","7.524783","146881.286165","0.970154","7.597785","148018.153397","0.774004","7.656592","154153.316214","4.144872","7.973948","154496.336499","0.222519","7.991691","154490.767970","-0.006344","7.991329","152952.034824","-0.996003","7.911735","152481.594117","-0.307574","7.887401","152844.225496","0.237820","7.906158","154363.356945","0.993908","7.984738","160263.467477","3.822222","8.289933","161145.543803","0.550391","8.335560","163576.154121","1.508332","8.461288","161841.404015","-1.060515","8.371555"
"Titan Company Ltd.","Gems & jewellery","1","Gems, Jewellery And Watches","-0.506248","0.242952","-0.320102","-1.195064","4.677887","-6.728765","-3.573806","0.872932","1.087833","0.819791","0.014392","-1.623618","0.107265","-0.567407","-0.080821","1.946174","-1.281496","0.779366","-1.522511","-1.234386","1.329325","0.262377","3.477793","0.690144","-1.591475","-2.087110","-1.529879","-0.418100","3.945146","2.378107","1.272324","0.979714","0.168930","0.729278","-1.072422","-1.536878","0.429703","-0.751654","-0.328572","2.964556","390501.620338","-0.122616","17.601445","397825.856158","1.875597","17.931578","396050.283838","-0.446319","17.851546","398118.825590","0.522293","17.944783","408754.503787","2.671483","18.424175","407174.244422","-0.386604","18.352946","404457.618773","-0.340136","19.394642","406996.687190","0.627771","19.516396","408514.801524","0.373004","19.589193","406046.755999","-0.604151","19.470845","406552.794110","0.124626","19.495111","410672.121893","1.013233","19.692642","411764.098870","0.265900","19.745004","412234.625534","0.114271","19.767567","416256.296839","0.975578","19.960415","418289.327146","0.488408","20.057904","417019.792937","-0.303506","19.997027","415217.587032","-0.432163","19.910607","420819.517702","1.349155","20.179232","430549.654015","2.312188","20.645814","430594.043323","0.010310","20.647942","430576.287600","-0.004124","20.647091","432813.508723","0.519588","20.754370"
"Torrent Pharmaceuticals Ltd.","Drugs & pharmaceuticals","1","Pharmaceuticals","1.593749","0.548003","1.946153","0.100957","0.414881","3.111304","-2.993071","-1.964901","2.516411","0.040873","-0.272374","1.511255","-0.692810","0.903098","0.380381","1.925906","-2.635262","1.924934","-2.600379","-1.369366","-0.747058","1.171866","-0.654687","1.866402","-0.237508","1.417105","-0.205683","2.430719","-0.021871","-1.470074","-0.828153","-0.535071","0.060772","-0.353166","0.614023","1.281131","-0.214882","0.261966","3.130951","-0.805136","157065.759795","0.448042","18.179833","157762.957402","0.443889","18.260531","161380.939155","2.293302","18.679301","163222.082349","1.140868","18.892407","164372.796845","0.704999","19.025598","164701.088922","0.199724","19.063597","165777.345421","0.653460","19.188170","165889.032416","0.067372","19.201097","167567.721798","1.011935","19.395400","168325.839584","0.452425","19.483150","169825.152883","0.890721","19.656690","168803.047654","-0.601857","19.538385","161201.563072","-4.503168","18.658539","190389.326642","5.089229","21.983591","191732.025174","0.705238","22.138627","191454.356639","-0.144821","22.106566","192663.926421","0.631780","22.246231","188719.511754","-2.047303","21.790783","190925.645319","1.169001","22.045518","186315.586904","-2.414583","21.513210","185562.458550","-0.404222","21.426249","185319.023122","-0.131188","21.398140","194854.845272","5.145625","22.499209"
"Trent Ltd.","Retail trading","1","Speciality Retail","0.335376","-0.555489","3.733617","0.100238","-1.206306","-1.442614","-3.121188","0.836913","1.172726","-0.752589","-1.682393","0.925030","0.744545","1.719554","3.023691","0.081462","-1.404651","0.212284","-0.579014","-1.579072","1.277271","1.121034","-0.028185","-2.234282","-1.805926","1.732682","-0.598997","-1.590010","1.785385","5.291620","-0.113750","7.074332","2.478407","0.820832","-0.786075","-1.185311","3.312228","-0.948568","1.308998","0.745788","175449.423998","0.234570","21.872914","176915.812826","0.835790","22.055726","178131.582472","0.687202","22.207293","178302.216808","0.095791","22.228566","156119.753087","-12.440935","19.463124","155917.124812","-0.129790","19.437863","154855.992533","-0.680575","19.305574","154786.672334","-0.044764","19.296932","154642.699613","-0.093014","19.278983","152989.679480","-1.068929","19.072904","152915.026958","-0.048796","19.063598","152515.102732","-0.261534","19.013740","151565.949236","-0.622334","18.895411","156018.438950","2.937658","19.450494","154354.754170","-1.066339","19.243086","153960.162268","-0.255640","19.193893","153293.621891","-0.432930","19.110796","154130.796604","0.546125","19.215165","156679.647003","1.653693","19.532925","156274.390454","-0.258653","19.482403","160246.971097","2.542055","19.977656","159927.031716","-0.199654","19.937770","160284.297358","0.223393","19.982309"
"Ultratech Cement Ltd.","Cement","1","Cement & Cement Products","1.484550","1.743494","1.086684","0.438270","-1.613700","-0.702929","-2.949604","0.494964","1.028255","-1.753336","0.644206","-1.669406","0.360662","0.569726","0.827959","1.357075","-0.878390","0.567840","-1.770896","-2.177321","-0.596510","-0.573220","-0.936853","-0.772938","-1.072214","1.074572","-0.412428","-0.331309","2.650046","3.139336","-0.654108","-0.158019","0.501187","-0.551181","0.307909","-0.833187","1.087822","0.516185","-1.331709","-0.732181","337584.458298","1.803963","4.380773","339941.891666","0.698324","4.411365","345452.392163","1.621012","4.482874","343625.381303","-0.528875","4.459165","343271.766298","-0.102907","4.454576","334549.262836","-2.540991","4.341386","339588.276660","1.506210","4.406776","345098.777158","1.622700","4.478285","340973.268764","-1.195457","4.424749","338763.174982","-0.648172","4.396069","348075.036785","2.748782","4.516907","346866.852184","-0.347105","4.501229","345570.263832","-0.373800","4.484403","350756.617241","1.500810","4.551706","356384.989407","1.604637","4.624744","350461.938070","-1.661981","4.547882","350903.956827","0.126125","4.553618","349076.945967","-0.520658","4.529909","350108.323065","0.295458","4.543293","352318.416848","0.631260","4.571973","353556.069366","0.351288","4.588034","349106.413884","0.741790","4.988077","350756.617241","0.472694","5.011655"
"Union Bank Of India","Banking services","3","Public Sector Bank","-1.307702","-0.018318","3.059729","-0.871111","-0.621712","-1.461742","-0.988951","0.166471","1.501908","-1.795027","-1.883414","0.044056","0.025164","0.704403","0.374719","5.070931","-0.775745","0.692289","-0.497866","-3.180843","0.086133","2.471109","-0.095981","0.276210","-1.089820","3.184405","-2.341000","-1.147492","3.348730","0.735078","-0.431991","1.870310","1.364029","-0.204406","0.489304","-0.849281","-0.165601","-0.068638","-0.085857","-1.220211","133496.494855","1.420866","1.051770","133091.913758","-0.303065","1.048582","124496.473845","-3.590479","1.011272","122962.119118","-1.232448","0.998808","122962.119118","0.000000","0.998808","117855.236966","-4.153216","0.957326","120046.081776","1.858929","0.975122","125580.445841","4.610200","1.020077","130069.005938","3.574251","1.056537","130282.746895","0.164329","1.058273","131588.093453","1.001934","1.068876","128832.361829","-2.094210","1.046492","128595.720056","-0.183682","1.044570","134298.023444","4.434287","1.090889","134435.428345","0.102313","1.092005","130259.846078","-3.106013","1.058087","128549.918422","-1.312705","1.044198","130152.975599","1.247031","1.057219","129855.264981","-0.228739","1.054801","128427.780732","-1.099289","1.043205","130595.724725","1.688065","1.060815","130076.639543","-0.397475","1.056599","130717.862414","0.492958","1.061808"
"United Spirits Ltd.","Alcoholic beverages","1","Breweries & Distilleries","-0.294206","-0.461527","-1.923077","-0.813764","0.078137","-1.147720","-1.469078","0.713427","1.281439","3.787819","-0.378587","-0.820856","-1.555675","-0.934143","0.746503","0.155994","0.724243","0.703572","-2.495202","-1.669291","2.098014","-0.949020","-1.045213","-0.240058","-0.657736","1.509891","0.214763","-0.166680","1.160757","-0.070732","2.162800","0.692841","3.233945","-2.206917","1.711473","-0.402055","1.599761","1.898315","-3.133800","0.663436","98366.929360","0.148104","10.794760","99894.366151","1.552795","10.962381","101341.794348","1.448959","11.121221","103814.787249","2.440250","11.392607","104694.881781","0.847755","11.489188","102469.188171","-1.361678","12.327298","100461.699816","-1.959114","12.085792","100789.007700","0.325804","12.125168","99894.366151","-0.887638","12.017541","100832.648751","0.939275","12.130419","99894.366151","-0.930535","12.017541","100490.793850","0.597058","12.089293","100068.930356","-0.419803","12.038541","101487.264519","1.417357","12.209170","101159.956635","-0.322511","12.169795","102134.606778","0.963474","12.287047","103138.350955","0.982766","12.407800","106716.917152","3.469676","12.838311","107793.396415","1.008724","12.967814","109742.696701","1.808367","13.202320","109422.662325","-0.291622","13.163819","111422.877171","1.827971","13.404449","110259.115806","-1.044455","13.264446"
"Varun Beverages Ltd.","Processed foods","1","Other Beverages","-1.352930","0.976813","-0.537424","0.324197","-0.342734","-1.483738","-2.583283","0.163817","3.270980","-0.267247","1.528384","0.645161","-0.155400","1.138132","3.770318","-1.622022","0.113058","0.602296","-1.216090","-0.473485","2.188392","-0.670391","-0.937383","-0.965178","-0.219759","1.455520","-0.660689","-1.206651","0.442393","3.600153","0.009242","0.554477","-2.297583","-0.385665","-3.125590","-1.686324","0.475907","0.187488","-0.699301","0.684388","174433.714584","1.605753","8.489866","172725.569812","-0.979252","8.406729","174467.539233","1.008519","8.491512","167381.275280","-4.061652","8.146616","163795.862492","-2.142063","7.972111","160514.871545","-2.003098","7.812422","162831.859997","1.443473","7.925192","161715.646582","-0.685501","7.870864","158671.428178","-1.882451","7.722699","159060.411640","0.245150","7.741631","157014.020379","-1.286550","7.642032","157808.899630","0.506247","7.680719","156726.510863","-0.685886","7.628038","158299.357039","1.003561","7.704590","156760.335512","-0.972222","7.629684","155001.453768","-1.122020","7.544078","155272.050959","0.174577","7.557248","154646.294954","-0.403006","7.526792","157115.494326","1.596675","7.646970","145445.990442","-7.427341","7.079004","151263.830060","4.000000","7.362164","152667.552991","0.927996","7.430485","149606.422262","-1.894317","7.341929"
"Vedanta Ltd.","Copper & copper products","1","Diversified Metals","8.506721","3.139318","4.113195","-3.476612","-2.930583","0.657784","2.228552","5.999017","4.809030","-2.316317","-1.223380","3.256881","-1.155042","-1.198502","0.060652","0.772844","3.729323","2.841403","-0.592050","-4.381736","-1.067774","-1.603957","-0.213285","-3.633588","-3.596324","0.657354","-2.269388","1.871032","1.557888","-2.309059","-0.842975","2.183697","-0.163132","-1.699346","1.678856","-7.896027","0.301739","-3.220669","4.059243","-1.335442","107750.742911","-1.852182","1.307131","107965.814254","0.199601","1.309740","109647.281118","1.557407","1.330138","110272.943207","0.570613","1.337728","107555.223508","-2.464539","1.304759","106479.866792","-0.999818","1.291714","106108.379927","-0.348880","1.287207","106577.626494","0.442233","1.292900","105443.613957","-1.064025","1.279143","104681.088286","-0.723160","1.269893","101885.160825","-2.670900","1.235975","100848.907990","-1.017079","1.223404","98952.369782","-1.880574","1.200397","102393.511273","3.477574","1.242142","103566.627690","1.145694","1.256373","102569.478735","-0.962809","1.244276","103468.867988","0.876859","1.255187","103488.419929","0.018896","1.255424","103488.419929","0.000000","1.255424","101415.914258","-2.002645","1.230283","103429.764108","1.985734","1.254713","104602.880525","1.134216","1.268944","103332.004406","-1.214953","1.253527"
"Wipro Ltd.","Computer software","1","Computers - Software & Consulting","0.049838","-0.483188","-0.330363","-0.883889","0.278679","-0.621495","-3.615009","-0.933692","0.266241","0.902815","1.142105","1.561118","0.999129","1.329140","1.687193","1.836443","-1.503578","-1.055318","1.324536","1.057528","1.661741","-2.735417","0.107790","-2.912099","-8.373242","-0.049516","-1.508229","-0.871849","1.561707","0.688354","0.711214","0.985383","-0.883613","-1.115730","-0.342920","-3.157953","-0.005731","0.298028","0.274286","-2.900615","168489.092696","-0.152591","3.268560","172321.766468","2.274731","3.342911","174381.704826","1.195402","3.382873","172638.680061","-0.999546","3.349059","171337.187093","-0.757228","3.323807","171059.878351","-0.161850","3.318428","171099.493886","0.023159","3.319196","173773.542470","1.562862","3.371071","176714.995913","1.692693","3.428133","175437.394923","-0.722973","3.403348","172975.780474","-1.405668","3.355592","176036.159299","1.769253","3.414960","174312.839184","-0.978958","3.381529","174689.196450","0.215909","3.388830","173292.712909","-0.799410","3.361740","172767.793564","-0.302909","3.351557","173144.150830","0.217840","3.358858","175422.102706","1.315639","3.403048","176818.586247","1.925248","3.567214","179383.758142","1.450737","3.618965","181852.060445","1.374779","3.668760","184546.018315","1.481401","3.723109","181891.677473","-1.438308","3.669559"
"Zydus Lifesciences Ltd.","Drugs & pharmaceuticals","1","Pharmaceuticals","1.171656","1.097135","2.910386","0.159778","-0.026587","1.797777","-2.748315","0.924085","5.584243","2.016739","-2.036177","2.804964","2.154284","-0.422731","0.241208","3.272535","0.568526","0.625550","-0.745994","1.252668","-1.182185","-0.157656","0.743080","0.405680","-0.128558","1.655020","-0.660275","0.691979","-0.108509","-1.502670","-0.863891","-1.603782","1.224797","-0.335071","1.372805","2.459696","-1.159863","0.191031","1.806791","-0.775885","110643.125045","-0.305591","4.829190","109705.471443","-0.847458","4.788265","113775.287078","3.709765","4.965898","114503.464875","0.640014","4.997681","115012.191830","0.444290","5.019885","114513.439914","-0.433651","4.998116","115610.694129","0.958188","5.046008","114792.740987","-0.707506","5.010307","112847.608514","-1.694473","4.925408","113077.034396","0.203306","4.935422","115401.218324","2.055399","5.036865","115101.967174","-0.259314","5.023803","114084.513266","-0.883959","4.979395","114613.190297","0.463408","5.002470","114024.663036","-0.513490","4.976783","112348.856598","-1.469688","4.903640","111101.976808","-1.109829","4.849218","110593.249854","-0.368109","4.848121","110543.374662","-0.045098","4.845935","109645.621213","-0.812128","4.806579","111989.755219","2.137918","4.909340","111231.652306","-0.676940","4.876107","112398.731790","1.049233","4.927269"
